sensor_index,latitude,longitude,pressure,pm2_5_atm_a,pm2_5_atm_b,humidity_a,temperature_a,location_type,pm1_0_atm_a,pm1_0_atm_b,scattering_coefficient_a,scattering_coefficient_b
892070,43.398484,-76.973832,1002,20.82,14.68,56,26,2,24.75,1.78,92.67,13.61
374385,70.1550055,26.126358,929,8.18,0.5,78,-6,1,10.06,19.35,92.15,81.26
30650,47.574232,73.258940,994,13.54,28.78,50,41,0,10.82,23.36,25.02,20.94
134846,-55.097291,-82.603687,913,2.21,23.38,55,40,2,23.34,40.45,92.13,80.06
102569,-24.7121675,179.515863,977,13.54,32.94,42,38,0,40.08,0.16,4.16,8.62
47366,-73.3683415,51.701396,929,39.92,20.59,63,26,1,19.75,10.04,49.43,65.45
439691,47.4402655,-114.262879,971,14.25,34.63,30,42,0,5.21,34.3,59.54,9.74
183450,-87.0879215,-113.779235,1031,20.11,1.63,58,48,0,44.8,10.63,15.45,34.07
579565,-56.256953,120.429963,1010,24.91,39.59,30,-6,0,35.45,8.22,21.07,38.61
755837,1.940211,115.785346,1044,12.12,17.16,43,10,2,39.94,2.37,84.32,33.17
40346,-25.7740775,-86.437573,998,9.31,13.13,75,-3,2,8.18,16.08,47.67,99.55
285151,-60.876825,-2.273803,1011,3.09,11.08,57,-2,2,18.61,5.3,45.96,33.57
232849,18.317878,37.169077,973,32.92,5.74,34,41,0,10.24,47.38,82.76,28.79
324916,10.486520,134.138885,953,28.82,6.84,72,45,2,31.01,13.95,19.5,89.55
524572,-23.8873355,29.303188,1020,6.19,9.7,40,35,2,39.08,0.95,70.71,84.95
71467,-7.6082905,-145.562082,906,9.82,25.1,42,-1,1,40.23,47.74,45.92,36.0
20944,-7.1936335,-73.325546,1045,13.04,21.7,67,30,2,30.79,23.27,32.49,98.19
799191,-76.0031595,51.311930,960,11.34,35.55,58,41,0,29.74,27.36,31.59,53.62
861747,89.6635965,-101.121003,963,18.65,5.0,42,34,0,7.06,6.28,11.54,41.66
315733,-73.6344305,-69.376727,1047,9.13,30.42,54,15,2,8.61,26.68,62.69,36.08
767653,57.328026,-118.386282,962,12.67,5.99,49,27,2,10.06,3.38,67.16,58.27
700724,39.155987,98.907233,953,13.03,19.22,64,29,1,28.02,14.6,13.31,66.42
786206,13.2945075,105.459300,915,32.36,28.7,62,10,0,15.74,46.76,3.61,60.46
616762,75.778708,-156.105040,958,2.78,36.46,68,47,1,21.67,12.9,38.71,64.48
286331,69.748172,37.094433,1038,24.94,6.78,20,1,1,3.54,15.8,43.69,90.52
202580,17.3831465,-178.556618,908,24.02,12.39,57,16,1,24.38,30.43,25.44,75.52
94423,61.647926,-7.448473,1004,8.7,8.14,41,29,2,47.0,10.93,65.21,39.81
795830,70.953923,129.074580,986,11.12,6.73,62,46,1,2.15,32.58,21.01,66.78
673874,-52.621877,-162.302664,1035,30.23,6.88,71,49,0,22.23,19.63,68.03,30.69
946405,-86.141286,165.601676,949,15.6,13.43,47,26,2,23.03,40.73,92.21,52.12
190602,32.3998765,-163.926140,1042,31.01,0.75,23,14,2,34.41,22.26,2.64,50.89
457571,39.4109435,-173.616680,913,14.16,18.07,41,-2,2,43.44,2.0,97.46,65.37
53286,22.983360,-111.482316,926,16.72,9.56,43,6,0,30.91,18.9,39.46,10.0
811193,-20.9346405,106.135414,960,9.65,5.55,71,4,1,17.27,2.2,65.65,79.03
671614,36.429561,87.297017,971,34.32,21.76,52,-7,2,32.73,37.96,90.83,68.61
557652,-76.9470045,-90.571247,986,34.55,10.57,61,4,0,49.2,45.83,83.7,75.3
400413,-15.7208515,104.364907,962,33.47,14.36,75,40,0,14.08,5.27,19.74,88.97
494012,-85.7992535,-165.604053,983,8.05,33.67,28,36,1,45.83,7.03,76.07,46.87
869345,81.183276,12.869804,1037,23.79,22.44,56,23,2,3.07,26.62,79.41,93.08
575736,87.968021,151.493718,907,10.01,10.12,36,-9,0,11.93,39.81,65.05,84.7
564430,-55.217077,7.201044,1004,14.3,32.87,55,45,1,18.57,27.31,15.18,27.49
415939,-60.1032965,-52.549055,919,1.1,27.81,20,47,0,26.94,5.79,46.31,13.17
281604,-8.8695385,-97.054916,995,37.87,12.95,51,11,1,41.74,5.43,88.91,94.97
605770,67.8047375,2.537028,980,32.07,1.18,60,24,2,27.97,12.18,75.45,53.32
235482,-57.4142895,-153.801767,932,7.78,24.35,37,25,2,29.83,26.34,21.21,56.15
909469,6.301913,-41.479463,1044,38.73,24.06,35,12,2,5.24,20.78,83.1,64.6
937950,66.033955,80.724928,911,13.64,15.94,62,2,0,17.82,11.53,88.75,2.23
718354,-81.860843,-158.144782,919,28.47,19.98,31,8,0,13.29,5.18,94.42,17.08
819412,-58.8879235,138.747411,952,30.21,20.13,53,0,2,44.19,42.35,19.29,42.45
559431,11.7017905,91.366052,924,18.45,35.11,72,28,0,27.35,37.23,42.04,70.73
367400,-61.273097,135.238007,1002,32.09,3.94,35,26,0,29.6,0.82,52.91,38.77
122774,-74.8725995,175.300215,1014,1.6,27.98,65,36,2,5.09,16.94,95.46,72.96
504045,-6.601949,-58.348801,923,31.44,1.51,68,6,0,48.32,11.11,76.48,71.35
729466,-1.650496,-70.593409,1042,35.12,32.42,58,20,0,41.68,4.87,55.81,52.26
184324,-27.0588435,-168.081393,1043,25.71,10.14,78,2,2,0.19,27.35,28.2,63.34
188278,73.383916,-48.422873,1002,16.36,34.87,30,8,0,29.16,18.68,9.72,28.25
147858,25.6729835,86.830486,1013,13.57,10.72,44,8,0,48.8,25.25,49.02,3.07
360897,-18.6742985,136.000400,990,18.03,11.43,26,-9,0,28.02,5.84,4.86,55.89
770119,73.6674205,-52.297435,1040,39.97,37.36,32,25,1,45.94,38.46,57.43,25.05
317897,-18.3045785,92.934485,945,18.65,18.91,71,32,0,40.49,38.84,31.56,13.14
913626,3.6527105,-71.736103,982,23.37,22.49,48,40,1,40.18,21.89,24.8,15.01
774465,86.571549,-121.682090,976,15.56,36.21,67,17,1,17.74,44.69,30.92,4.19
846697,13.1713495,-111.859691,1025,34.89,4.11,63,44,0,23.22,8.05,61.73,43.12
646105,-0.2737825,9.588136,955,38.22,24.42,26,4,0,17.31,3.51,51.06,40.95
751053,65.1172315,3.703086,986,34.81,8.66,49,42,0,45.93,33.56,56.16,29.3
310579,-41.642812,113.065096,1039,39.3,22.08,77,44,2,4.45,31.56,18.84,9.01
838421,-17.6261925,78.937027,1047,39.94,8.1,57,34,1,22.7,41.19,61.24,58.63
544638,-9.7252075,-171.424044,980,22.72,29.44,62,30,2,16.5,1.24,39.82,31.91
50771,64.9371715,22.900356,1001,33.87,31.25,33,19,0,47.97,14.03,40.23,92.15
318974,16.357199,-49.574833,914,20.54,39.55,42,14,2,30.37,33.55,42.69,61.09
395051,83.0130885,-59.548225,1006,2.88,26.75,68,45,0,42.07,21.63,11.68,48.67
679281,34.170455,-19.480252,979,34.82,17.23,64,34,1,24.38,45.62,71.95,92.74
828580,-6.1789545,-94.624887,977,2.79,28.03,64,-1,1,19.87,18.14,73.8,52.11
546213,23.9100265,90.199849,937,25.43,16.44,20,12,1,14.58,41.13,31.12,27.61
529760,19.4628045,140.421818,966,2.41,34.92,68,46,2,36.62,22.73,94.65,32.41
742403,46.754927,-133.064406,994,24.59,23.64,43,50,2,8.44,14.33,26.56,78.75
187263,79.1707885,-159.712331,1048,38.53,5.35,65,20,0,11.13,42.99,40.29,40.03
619682,86.1707065,-44.630449,978,23.94,30.68,30,45,2,39.27,28.78,81.25,84.86
72762,27.7177755,23.281646,963,3.32,14.7,47,-2,1,9.62,9.82,18.61,44.29
632045,41.8070285,-38.582470,930,26.12,18.8,25,32,1,47.43,16.35,28.52,14.15
224059,9.174070,176.365276,1039,33.46,2.72,37,25,1,26.93,31.2,56.94,40.9
265778,-5.6260485,153.156780,989,7.85,28.84,52,13,2,48.19,41.61,5.66,75.33
694492,48.353468,155.485657,1017,15.42,22.31,38,-6,1,22.98,43.97,88.63,98.41
428361,-49.027521,165.100131,954,5.45,35.71,44,22,1,31.27,31.54,52.9,24.25
585102,-76.0433795,-4.074893,975,30.24,3.55,20,8,0,46.83,9.02,57.13,17.74
360098,34.4753965,-140.033955,938,25.16,11.52,48,18,0,33.71,49.25,22.18,97.62
543825,-20.2514765,-169.858787,906,10.92,28.76,28,35,1,28.26,26.8,43.61,9.45
330905,62.7250675,39.041931,1018,15.35,39.62,63,19,2,17.04,5.25,53.0,61.38
400663,-46.008772,126.067712,1012,17.59,7.74,38,24,0,30.18,15.14,91.23,12.46
681185,40.6915025,-27.480351,939,5.09,3.51,48,43,1,1.05,43.51,54.37,54.56
893892,83.304234,118.735849,924,7.2,36.51,20,33,2,30.37,15.63,86.99,54.98
548989,68.623449,107.114915,978,13.99,31.14,37,39,1,8.82,22.46,71.66,83.19
611292,-29.466133,-174.165309,986,7.6,23.39,51,39,0,45.47,41.13,28.66,44.11
255688,-53.320764,161.672477,979,4.33,30.97,70,13,0,30.67,21.48,12.92,21.3
586366,-11.369173,-79.281436,914,38.72,37.89,67,18,1,30.11,16.7,25.14,40.57
306302,34.6525575,102.230333,927,24.84,16.73,31,-1,0,18.21,45.96,1.45,96.63
806809,67.328276,176.797724,979,17.86,31.68,72,30,0,2.97,40.8,99.41,98.58
202242,74.361543,-104.361626,1049,28.67,18.17,41,9,0,2.26,36.61,47.38,93.07
421305,-41.771071,53.366143,998,39.63,27.74,28,10,0,39.83,4.59,5.71,80.64
336054,12.5967995,160.291985,1006,20.05,20.46,47,8,0,4.8,34.34,19.85,27.73
585894,-67.755601,13.333944,965,20.43,3.44,27,24,1,47.37,27.01,26.98,68.76
595883,-9.1030915,107.518279,959,15.83,14.22,39,44,2,9.64,8.65,28.22,79.89
608502,10.959376,139.067456,962,15.67,18.2,23,42,1,48.25,11.89,9.79,8.19
757646,-30.006525,43.671094,1020,12.27,20.14,58,18,1,45.46,15.49,74.75,18.22
728220,52.677910,-132.817692,1043,35.06,33.72,32,35,2,26.1,18.84,51.1,67.68
90882,-33.5749505,-126.709529,932,17.12,19.1,69,21,1,3.15,28.35,59.74,35.31
697954,-13.837043,142.967533,912,32.79,37.34,77,8,1,40.4,38.83,31.38,76.14
754484,37.601854,-141.075421,970,12.96,26.79,71,-7,0,32.12,38.76,60.34,22.88
748317,-21.364369,-166.354427,1016,5.36,36.37,71,-9,2,13.63,27.15,14.67,82.46
615502,20.8419885,-134.112001,1048,15.62,21.78,49,15,2,27.98,40.31,7.98,98.79
60946,10.470938,-83.596186,1014,0.31,39.39,67,49,2,18.18,43.25,88.92,79.13
5613,5.5737535,131.313835,942,23.13,15.02,63,37,0,27.42,7.67,73.86,26.34
403857,50.4725775,77.236162,1041,9.51,16.85,43,5,0,19.96,7.74,56.94,67.93
739024,-22.3694555,65.886495,1043,32.18,8.68,29,9,0,1.97,0.35,21.19,76.26
99550,-5.752420,124.109140,942,20.7,14.38,33,46,2,7.44,46.36,72.47,1.54
378614,-67.9025385,142.124090,902,6.82,32.16,78,-1,0,17.9,40.76,23.31,86.49
502693,-39.320694,-98.126988,903,20.18,35.62,56,-8,2,23.56,9.55,6.87,69.43
430047,-26.267820,-60.957633,947,13.71,36.08,64,45,1,16.33,39.7,60.02,39.23
234423,57.0535445,-4.776369,974,13.92,31.37,24,24,0,13.34,26.12,38.46,62.93
560852,67.0100915,18.341459,1050,33.29,35.72,68,42,0,41.34,16.46,67.9,67.49
828763,73.3864165,-101.546859,1033,6.49,21.66,66,48,2,8.06,28.78,52.77,62.18
506979,-17.4387385,48.466084,998,27.68,25.4,24,47,1,13.42,42.08,72.13,91.58
324297,-84.903942,-47.611596,906,3.86,3.79,55,13,1,42.83,19.32,19.68,92.13
806757,77.090137,130.962750,991,19.32,37.23,21,34,0,47.07,35.32,72.57,99.55
149929,43.163832,-75.936490,993,9.92,8.9,77,5,0,6.29,48.84,27.77,73.52
75432,-11.7582315,88.782842,931,4.71,3.84,32,18,2,10.49,41.83,4.93,91.01
547765,64.3075665,126.826392,905,18.83,27.9,41,26,1,15.96,30.67,20.32,87.94
228386,11.704932,165.722354,982,38.06,21.94,33,9,2,14.09,10.7,14.13,27.54
706157,9.4758775,2.141661,902,37.48,2.36,55,8,2,35.9,38.81,14.65,4.16
865676,76.315836,17.756005,942,26.74,6.6,66,-9,1,30.76,6.41,65.0,65.46
176420,48.876369,115.548407,941,39.38,11.8,21,27,1,47.53,10.71,1.64,73.92
874183,-73.2015825,51.520226,950,38.21,1.16,79,3,0,32.88,31.88,70.16,10.59
632606,71.0842815,-105.282226,936,8.46,35.03,75,6,1,34.95,14.87,81.4,97.98
206362,-83.539128,150.079873,921,19.47,18.84,68,49,2,26.23,37.15,70.42,70.99
501368,-24.9088595,161.547106,1016,21.62,31.91,72,-10,0,20.41,42.25,9.38,22.81
670246,10.314547,-171.988836,1037,30.59,17.85,62,-2,2,11.65,44.07,2.61,60.3
293467,35.109918,122.563481,1036,13.43,26.82,29,42,0,33.56,2.79,96.93,79.1
834235,75.5570835,-80.530096,924,9.65,13.45,59,2,1,17.97,6.89,26.99,96.7
90570,-70.1609505,-131.745838,995,22.04,11.7,75,-9,2,5.97,4.43,23.3,8.06
166484,11.7873345,175.517681,1040,4.75,22.47,72,14,2,43.99,17.02,62.71,20.75
86995,-75.821445,114.073057,957,38.5,37.65,38,16,1,12.01,14.11,33.57,73.65
533785,16.2246385,163.296612,1042,3.61,22.01,50,2,0,2.92,32.8,1.82,25.52
6540,-38.300910,159.620270,961,28.95,11.91,42,36,1,41.89,47.82,4.52,45.03
206175,84.143435,-155.715375,1039,0.46,9.9,22,41,0,23.66,5.51,80.42,4.74
174717,8.9018455,-95.975727,917,28.51,32.11,46,-7,2,49.38,47.24,70.15,93.85
11779,58.4289625,-62.940612,974,37.74,26.28,26,-9,0,38.86,7.25,66.9,36.99
372510,40.254371,14.961110,1019,26.83,12.89,65,10,0,0.32,25.14,37.71,90.02
424680,69.2409295,-125.746100,909,16.97,5.56,43,19,1,13.94,21.31,12.76,78.78
975893,59.056991,-110.236847,995,11.43,28.28,58,-9,0,42.49,37.66,79.15,74.01
545404,23.824236,90.320807,960,35.35,10.16,30,25,1,13.1,37.76,22.19,86.23
178116,-31.989476,-174.224552,919,37.12,11.67,29,19,2,27.71,15.96,86.01,63.09
700122,50.6665415,85.438985,974,37.17,3.13,42,49,2,31.15,48.52,36.42,11.69
542078,79.070995,-79.826737,938,23.26,13.13,29,1,0,40.5,19.45,12.4,27.6
539637,-78.7870665,-100.892466,1033,38.63,7.6,24,28,0,11.64,1.13,89.95,41.15
440578,35.320792,-13.363227,1008,1.67,38.07,22,28,0,27.18,17.53,14.82,73.47
276310,-44.167387,27.163894,947,25.48,35.44,46,31,1,36.71,18.03,37.77,17.21
498931,-89.5014065,94.730514,933,23.74,4.79,28,-3,1,11.58,13.18,35.76,45.72
625299,-33.7925225,-60.841700,963,30.06,18.55,72,21,2,42.77,33.9,17.2,38.25
803065,6.933526,13.783282,931,16.54,36.19,44,16,0,43.74,13.41,73.57,32.78
920377,-17.0399845,-46.765336,975,24.52,39.72,28,34,1,38.71,6.99,89.03,72.26
18997,-32.203354,-108.621427,931,21.19,25.81,64,17,0,14.93,43.71,71.23,41.4
449350,-35.5073925,-106.351308,946,13.59,36.12,28,11,2,19.68,9.65,54.83,73.53
553318,88.1479565,107.304647,917,31.42,20.91,37,6,0,11.23,22.62,81.08,39.27
25963,69.7531145,-49.113063,976,24.76,3.33,62,-5,1,20.69,25.16,67.12,52.62
355131,84.2229215,49.724477,901,11.93,34.08,64,28,1,28.09,9.24,12.72,40.69
274980,28.366733,-149.001576,944,37.54,37.42,37,5,1,31.24,36.32,62.8,43.06
352465,-48.4588865,115.722857,919,11.67,18.36,26,18,1,23.54,0.04,14.04,62.69
480199,-73.946598,112.071788,1017,34.18,0.26,20,-1,0,40.83,2.28,40.28,0.39
746901,-46.883010,119.050990,987,20.43,1.29,79,0,0,1.98,39.08,2.33,15.02
291421,83.212734,163.335246,1019,38.96,10.42,36,11,1,7.62,24.6,65.59,11.06
60151,57.691192,-125.224569,1020,36.27,30.38,59,-10,2,44.24,27.21,17.82,73.56
852776,46.8803665,-60.998979,962,37.08,19.54,39,17,2,45.16,39.45,7.7,57.18
89862,-17.159069,101.886982,908,21.04,4.74,59,3,0,48.15,18.78,12.98,63.76
839009,-67.191283,6.221528,927,21.09,4.03,27,-3,1,47.69,21.85,66.88,66.04
65381,-23.733580,43.785304,903,33.07,29.37,28,45,1,44.12,48.63,2.43,95.72
132,-18.6196145,-54.476989,1023,18.01,3.72,53,12,0,28.39,25.42,66.71,89.6
991983,16.3244825,139.326482,953,2.37,21.65,38,-9,1,44.14,6.95,54.88,61.75
186329,-87.999132,68.862955,1018,2.43,13.66,57,31,0,3.82,35.64,67.64,74.48
831378,-65.401607,-23.301357,1020,7.06,12.34,64,23,2,21.13,38.64,65.05,3.97
994011,-45.4729625,151.902380,997,13.88,5.3,41,23,1,28.78,38.29,1.79,48.73
169718,67.1853375,-108.602580,1012,16.06,39.35,72,17,2,24.74,32.97,75.03,63.05
966533,-25.625867,5.218698,988,15.67,6.51,26,19,0,10.78,22.73,65.92,41.75
777857,69.7401765,-40.265865,1019,29.52,23.28,42,1,2,26.77,42.44,38.16,69.4
180585,11.866971,-160.604853,976,0.04,34.0,20,17,0,27.69,7.25,67.9,42.94
855837,-62.4438005,161.468804,1012,29.76,22.96,34,33,0,13.5,6.77,74.77,32.86
751646,-19.4577995,-95.531533,1049,14.45,39.14,76,4,0,15.32,33.7,92.68,10.6
535427,-57.458462,170.593722,902,14.87,25.31,68,-8,2,5.14,23.96,53.53,96.29
351901,-30.136050,4.566992,942,19.12,1.03,57,-6,1,11.71,34.7,98.58,56.91
625074,-17.699897,-15.292594,915,1.41,12.72,43,15,1,46.65,49.09,65.16,92.56
644945,-17.9943845,-15.076297,917,0.94,27.68,69,20,2,42.39,36.83,78.14,78.67
904990,-57.845983,179.224792,996,15.94,26.0,36,27,1,44.42,37.24,46.37,59.65
19954,-12.141985,-104.481474,1027,10.44,30.41,56,31,2,23.28,0.57,27.02,52.98
492811,-17.373544,27.953656,965,11.11,19.5,64,33,2,14.25,2.48,99.75,80.56
569578,73.3326835,155.444036,1042,35.84,12.34,48,43,2,15.47,44.9,17.65,46.97
583834,8.740399,-86.954640,975,13.59,20.19,27,16,1,10.23,2.73,6.04,31.83
73938,-25.525674,28.814365,987,30.86,23.42,69,22,1,25.86,0.08,85.33,52.69
793160,-35.1339345,-108.488129,929,30.6,4.43,67,-4,1,38.09,49.07,58.91,39.92
303536,10.065242,44.653441,1038,32.72,36.43,70,25,0,25.96,2.48,30.73,70.19
497575,-66.2486305,0.972814,1032,38.69,19.42,46,33,2,18.08,5.54,7.16,93.84
103032,58.5405975,164.553074,973,35.06,12.77,23,41,0,32.43,5.66,48.67,66.53
920152,31.0600265,-37.951196,1015,34.29,2.29,73,32,2,48.58,24.73,52.42,44.09
47212,-19.0479685,30.783112,963,7.71,14.74,37,19,0,4.8,3.3,95.85,43.35
111002,13.2848925,57.310699,948,11.66,21.94,50,44,1,16.51,32.74,10.61,87.24
980414,-59.408640,104.516705,988,15.21,30.44,55,23,0,23.18,32.04,95.68,28.76
454775,40.234680,-65.041319,967,17.43,35.48,24,9,2,33.16,1.83,70.25,4.8
686922,-85.724098,58.932630,1012,28.71,38.81,50,25,1,3.55,28.5,2.26,57.17
962161,56.938504,-98.272030,955,25.01,9.59,56,37,1,12.65,29.57,85.87,90.67
930772,13.140136,-53.925147,989,6.83,2.5,55,-10,0,46.63,38.57,73.92,77.68
420981,-26.6293535,16.101257,936,14.86,37.24,69,18,2,34.96,0.64,44.06,35.81
784147,-50.4652345,68.338087,926,36.13,5.64,55,44,0,32.67,25.02,58.87,3.58
566609,-18.7139865,64.926602,943,29.78,24.98,60,31,0,33.38,47.53,32.11,0.59
894081,-11.5845475,86.356653,971,29.34,39.2,44,-9,0,37.86,1.37,0.73,33.51
464215,77.934387,163.233215,1009,18.3,19.22,58,42,2,43.84,25.78,35.51,84.2
278006,-5.839109,66.964398,943,0.86,15.03,80,49,0,40.78,38.36,97.33,37.08
226499,50.132336,155.752195,1029,9.46,2.58,62,8,0,8.51,30.73,74.91,54.73
570294,25.1296515,170.950318,1028,8.97,30.71,80,20,0,0.12,22.81,37.81,37.9
552828,46.751280,-162.135794,965,0.11,34.87,78,-6,0,45.43,48.74,7.11,89.85
554790,73.9986555,66.154043,1008,27.43,32.28,64,45,0,28.94,27.37,15.61,0.24
165800,70.899599,170.840401,909,32.15,25.59,79,18,1,15.55,44.99,33.97,88.44
338640,8.3659565,-20.452058,956,0.07,22.01,26,11,0,13.67,40.75,76.16,26.41
510682,71.3431715,21.301746,960,20.69,15.08,49,25,1,6.91,32.97,50.15,15.26
401611,12.053852,127.676325,984,12.48,21.9,72,-7,1,24.25,13.02,95.09,1.94
338532,48.463926,146.410655,1012,5.99,34.63,23,36,0,1.27,0.36,17.89,45.99
646878,11.0651625,77.660203,962,3.52,28.36,63,9,0,30.17,20.94,24.08,6.3
910033,41.0970515,140.186323,992,38.07,29.68,32,13,1,43.58,18.0,14.49,30.37
237307,86.379609,-136.043055,957,3.81,3.6,74,10,0,47.47,16.32,39.79,26.7
72655,-55.3440995,122.723882,924,6.22,21.2,74,11,2,16.23,32.07,5.31,91.81
89569,79.529173,42.874076,1029,37.72,19.83,46,30,2,7.86,42.85,19.5,9.29
576163,-7.4115655,-174.364005,954,29.32,32.36,44,0,2,39.35,5.99,63.04,90.74
685174,-62.266174,122.588717,918,0.59,27.75,67,14,1,35.53,39.77,19.36,20.55
103189,45.913518,-94.275144,1032,38.43,5.09,50,20,0,20.87,13.9,41.01,82.07
702081,83.967492,-9.914251,1000,9.51,38.64,37,38,1,44.06,27.44,91.21,31.13
567676,23.9638555,-92.396536,933,9.97,23.54,29,4,2,28.04,49.58,70.5,47.44
267576,4.436398,-102.190701,1027,30.08,26.7,74,27,0,44.51,14.01,37.79,81.08
798429,-43.6564895,118.562365,907,39.53,4.34,63,11,2,7.3,13.77,82.98,36.26
424031,-40.9155805,21.459139,923,39.65,2.68,59,14,0,29.07,4.64,0.95,14.59
915349,-80.4200385,22.834251,956,26.27,27.3,62,28,2,45.05,23.7,73.97,85.74
173866,43.4757795,55.017723,953,36.69,6.48,67,46,0,19.23,0.28,82.93,43.66
90242,-77.7448085,-29.116082,914,15.4,13.45,25,6,0,5.6,14.83,30.01,68.88
10105,-18.169933,-34.850571,1017,12.46,26.72,52,4,0,17.78,48.54,0.92,89.61
450513,-19.471764,166.216021,1013,7.99,32.92,52,36,0,29.58,24.16,88.51,29.2
959825,-50.8830025,-166.270680,919,25.45,20.96,25,0,0,40.16,32.35,49.24,38.27
639467,-4.6796495,-57.718053,966,38.62,37.11,27,48,0,46.89,6.26,69.08,18.41
404990,81.744776,59.736427,913,11.13,29.4,60,46,2,17.43,27.74,87.16,41.04
295977,70.451552,-48.295050,1008,2.05,21.93,39,35,0,31.68,31.75,22.36,20.81
363527,-74.6080315,-81.858709,1025,28.26,34.42,26,38,2,12.74,18.66,18.17,16.74
735391,55.456693,-33.943021,988,3.46,34.03,36,50,1,29.14,49.51,35.92,73.12
671624,-1.0884865,-85.397630,950,11.77,36.23,34,15,2,39.52,30.99,70.32,6.81
238105,74.7624885,129.109020,902,7.59,25.04,52,2,2,42.59,29.08,44.99,26.39
35550,-39.5326745,-31.529639,975,20.73,8.07,71,-10,1,42.84,41.94,10.39,31.62
569060,17.9551485,-132.388101,1050,20.4,39.74,51,48,1,32.27,26.77,24.62,99.17
378337,9.9943425,101.316763,936,0.11,37.01,70,4,2,25.05,13.53,84.43,8.26
466959,38.0964535,79.654743,962,10.71,28.13,41,-8,0,33.27,45.25,5.85,60.4
884284,26.1556265,53.246808,1035,4.74,36.56,34,7,2,39.55,42.36,55.38,81.05
259645,79.1889595,-52.349663,974,12.83,3.37,77,41,1,13.48,8.2,25.38,83.52
3267,-27.0387105,-11.902724,980,38.36,3.53,30,29,2,40.99,2.78,73.02,40.09
31031,-38.055441,-47.492129,942,7.27,9.23,70,42,0,33.9,33.72,1.37,63.15
255387,-87.8556505,177.489088,909,13.56,10.44,24,32,1,2.37,19.14,84.71,1.57
674005,88.275211,63.828763,928,13.96,8.88,37,11,2,39.18,6.86,23.67,56.19
92939,29.578565,-64.401859,1001,0.77,12.94,63,23,0,9.08,1.63,88.32,22.93
367491,-46.897803,120.228009,1015,11.98,19.51,51,-1,0,28.37,28.11,12.61,21.08
57981,27.658014,-104.623640,964,39.96,10.86,64,46,0,14.85,1.96,47.81,5.21
464053,-81.861801,-107.465235,1003,19.04,37.78,38,28,1,30.68,30.7,54.38,25.35
245223,17.2922655,13.627940,1031,1.33,24.29,67,50,0,21.58,20.63,98.53,64.49
157641,1.253335,-16.056810,933,27.82,27.16,65,33,1,31.06,23.82,8.27,23.9
459170,-27.596877,142.050324,1050,20.88,11.61,55,39,1,39.99,45.86,45.87,92.78
377554,7.6163595,81.074997,951,21.65,8.36,41,38,0,36.62,10.73,56.91,18.45
451029,78.6838255,51.054651,979,37.66,6.62,76,34,2,26.42,17.04,44.67,67.07
111315,-78.3774735,154.064275,972,28.54,32.45,65,3,0,48.02,33.86,26.4,30.07
458505,65.401280,-153.830197,926,15.81,27.33,29,44,0,26.29,3.45,20.05,48.98
981821,-25.335556,-35.473727,971,30.0,29.85,72,-7,2,25.69,21.45,3.9,32.17
194624,43.5300965,-22.526097,936,26.75,0.69,27,-4,1,16.79,10.9,46.54,75.22
90771,-70.0247195,169.706802,960,21.53,8.87,59,21,0,19.94,45.76,54.51,12.8
545280,-80.9477605,-175.661617,915,37.77,33.09,22,12,2,39.53,33.88,9.19,4.71
616050,-65.3612325,-163.470994,992,34.03,15.06,22,43,2,15.3,39.06,68.46,12.08
100655,40.0637515,6.756685,978,2.78,18.58,40,19,2,20.46,40.21,33.5,25.65
465516,55.345654,-18.922451,1009,31.89,13.87,37,-2,1,17.36,9.78,24.98,93.28
305620,53.1400585,10.066443,1030,16.37,8.83,72,26,2,3.57,37.01,86.49,7.06
296397,-71.650450,-174.067328,987,16.06,3.86,71,3,0,17.33,34.99,93.78,27.17
688680,-87.856278,-103.225044,940,9.78,18.34,53,-8,0,5.43,41.28,56.31,20.68
474331,-62.328956,44.619548,1009,11.51,15.7,79,20,1,27.09,48.75,72.51,90.62
643471,-76.1776415,-103.841800,1049,23.2,27.91,79,21,0,32.72,25.17,58.46,31.58
608931,82.515566,166.626070,917,28.42,6.89,65,25,2,45.22,11.62,40.26,20.66
731180,25.5457055,-63.770249,1038,29.84,34.15,30,-5,0,15.66,34.72,70.54,95.03
868607,51.0801315,91.511877,1038,14.57,32.18,47,0,2,37.75,19.0,51.44,17.24
33733,-70.9962295,140.670995,905,18.79,15.69,68,49,1,6.25,45.27,39.34,71.55
573180,-2.4367205,-98.902471,982,9.58,3.15,41,4,0,29.6,19.19,78.44,56.15
218674,5.8932595,-140.230445,1019,19.33,38.83,69,6,1,33.33,27.91,5.79,42.64
236340,-74.9229545,-116.246092,964,9.25,20.83,77,25,0,14.93,4.12,96.57,69.05
347798,5.4372215,-3.677474,968,39.21,39.94,45,29,2,35.06,4.79,96.95,68.83
8766,49.258139,-163.360011,913,19.79,36.42,52,28,2,46.92,29.65,22.3,9.93
927810,-8.6747175,-61.994857,961,28.06,39.48,74,23,0,45.23,4.54,78.19,96.65
255229,-5.599499,137.696949,1008,30.09,8.09,52,10,2,5.62,11.18,97.56,24.13
105097,-70.403460,157.141500,930,16.0,24.96,73,-2,0,23.03,12.0,20.09,95.63
444456,-39.961310,-175.339150,999,14.69,33.18,26,41,1,45.59,24.59,62.5,68.38
374733,54.046993,95.395254,1017,10.73,11.29,31,45,2,30.96,3.29,47.02,23.39
683902,23.1063445,-39.168075,979,12.32,38.63,25,16,2,43.87,46.66,86.07,60.83
831693,81.575012,-17.213745,1045,8.63,35.74,26,46,0,42.36,27.48,57.1,87.87
842399,-0.2120115,-21.077732,1014,22.78,22.15,41,19,1,23.78,24.12,27.5,10.58
990977,80.295720,-91.546802,927,17.59,10.34,41,49,0,44.89,3.84,19.26,72.82
68082,61.8562185,3.399246,989,27.85,9.72,41,22,0,6.36,16.61,47.03,38.56
978968,6.397413,136.437754,946,14.67,30.4,73,1,0,24.35,34.03,58.2,73.34
852167,16.882209,116.392050,1042,27.67,15.82,32,33,0,15.52,37.08,92.39,29.49
618398,33.543043,-48.695862,1021,5.71,15.38,79,31,1,47.63,19.03,76.48,30.71
785059,50.812621,56.029599,909,19.98,16.01,40,2,2,28.3,37.03,35.2,39.37
535241,-60.463656,-148.842615,1025,11.13,36.42,80,50,0,38.02,25.77,21.69,61.1
887205,79.6918895,-154.581808,1024,20.63,13.66,66,37,2,41.73,12.49,54.93,3.88
451083,36.289652,51.480358,956,36.24,36.57,53,-8,1,25.69,34.86,50.12,83.2
3242,-13.138433,62.905229,1050,37.57,15.75,63,-8,2,41.13,37.23,3.48,9.36
67685,19.415703,64.189673,982,25.0,3.62,46,-5,1,4.85,14.52,65.7,87.27
372456,-45.7633965,146.385200,969,29.5,39.86,62,50,1,42.33,28.66,17.01,31.78
448122,-15.1731215,131.516416,903,35.29,26.08,45,27,1,22.07,38.75,89.72,12.99
672575,21.5279355,-101.525458,1000,19.03,18.83,77,47,2,26.52,21.68,34.26,13.65
34549,27.3551075,8.429675,983,36.94,21.79,66,36,1,32.13,22.24,86.83,50.83
928475,-27.5092975,42.792003,964,30.28,33.65,36,-8,0,44.03,10.66,92.66,87.21
271550,-13.739326,30.554372,913,14.9,15.08,46,5,0,24.01,39.5,55.47,28.44
931212,-19.635501,142.760325,1048,17.52,12.0,20,26,1,35.37,25.01,67.28,71.95
964215,66.8562245,-54.608514,929,26.74,16.45,74,16,1,9.11,20.85,62.77,34.31
882987,-51.139341,133.439492,917,11.68,24.94,57,6,1,47.65,29.29,86.75,87.16
242006,52.0300175,77.915719,917,8.6,16.74,56,-6,2,42.03,18.94,87.98,94.5
880073,-36.6278475,-35.400448,963,31.2,22.47,52,26,1,17.3,17.43,18.0,21.17
676531,-14.457659,-156.953050,983,8.74,3.34,47,25,1,0.06,23.1,62.53,2.97
33907,1.636693,45.364755,960,22.08,23.05,60,44,0,39.67,11.98,13.37,58.08
63947,-71.8870025,47.379699,932,10.72,28.73,51,50,1,47.5,4.24,67.05,23.71
932964,-44.894755,-152.858880,911,25.34,23.55,58,4,2,6.15,2.98,1.37,53.12
79778,-87.7091255,118.988749,911,30.72,31.24,32,35,2,45.26,48.45,8.04,50.62
950334,-14.9809985,142.723427,947,34.63,12.35,34,0,2,18.22,46.21,78.08,98.85
30035,-16.5928905,-36.080502,1030,12.59,20.65,59,1,0,45.76,34.9,16.59,21.08
306480,-4.6872325,126.116958,913,31.76,31.14,44,-10,0,49.12,16.72,79.35,72.18
525940,-5.010476,-20.016386,944,35.82,38.23,28,47,2,44.9,18.66,90.98,9.5
601164,-53.526690,-71.745415,1032,11.98,1.01,54,6,1,7.65,23.1,64.76,17.51
137384,-67.6512765,-167.647000,992,2.11,20.52,43,-10,1,35.9,46.83,50.4,93.59
238146,-53.286322,76.905255,1037,38.39,5.22,51,-10,2,4.86,3.36,88.39,88.36
618360,74.570708,96.805456,1049,12.59,34.52,31,16,1,41.88,39.04,0.14,26.0
382504,-52.684003,146.972241,947,13.8,20.17,26,23,1,47.72,33.48,24.23,30.54
907428,-4.197048,-179.856084,974,17.69,26.64,26,37,2,31.49,6.41,69.96,91.4
755001,57.7732015,62.326245,1016,24.71,36.48,44,25,1,26.78,8.03,66.22,65.02
760278,0.589679,-40.251437,986,31.44,32.85,61,13,0,7.11,20.12,19.99,36.33
979204,-2.322080,-21.038558,1026,5.98,25.38,50,11,2,10.53,33.18,48.1,82.05
794117,-3.800462,59.539409,1009,13.09,20.97,77,2,2,41.45,27.1,68.95,76.61
741567,-86.5583165,102.594974,1043,15.85,16.73,58,23,2,42.52,11.78,45.0,48.07
140329,21.1361105,100.116174,982,23.68,27.03,47,27,0,42.52,0.86,65.1,75.42
389779,29.235167,-36.521279,1013,0.86,30.03,76,15,2,8.95,9.45,23.44,75.02
803936,9.747480,78.965664,1007,39.86,6.64,63,-3,1,40.87,4.82,10.78,26.15
503288,-32.294336,-7.430445,924,28.48,23.42,40,-5,1,40.0,29.46,11.86,56.03
510732,27.465354,-96.340024,1041,35.2,29.52,71,20,2,3.66,20.74,53.28,23.2
553725,-43.2369945,83.667958,948,1.09,14.3,52,29,0,4.34,18.65,25.37,75.76
260706,16.3978655,-142.556438,968,4.19,10.17,24,26,2,28.18,28.46,92.98,67.78
167496,-89.254178,-18.633941,955,14.73,18.85,66,2,1,23.53,49.88,16.96,34.38
764805,85.955889,159.803776,1000,31.46,4.81,47,3,2,14.99,45.8,79.51,44.85
62401,-56.6678565,58.650009,939,15.87,25.76,59,12,2,31.32,40.84,16.79,61.68
432421,-6.6372495,129.189331,1046,2.04,5.51,73,-4,1,11.45,22.99,47.55,66.9
212808,75.989649,138.945265,1035,29.54,31.09,27,38,2,6.88,20.93,53.09,70.18
115182,-29.416203,-21.466271,1009,7.14,27.58,73,47,0,38.26,46.87,49.47,86.61
515764,-78.835856,-124.350724,1006,1.79,15.54,22,18,0,21.37,44.62,28.55,13.72
144365,-10.429780,-159.963796,911,18.18,33.14,65,-8,1,1.31,21.98,86.51,29.58
936452,6.133759,105.828241,959,24.74,32.37,72,36,1,24.09,35.62,75.66,35.22
846043,-10.989866,58.140952,973,14.39,30.78,60,42,0,42.71,23.09,47.71,66.85
667750,24.837291,-27.201959,952,31.98,28.25,35,2,1,17.04,49.61,39.86,24.11
901242,-21.6511795,138.680531,901,22.33,9.22,51,25,2,38.39,29.73,40.21,97.04
129195,1.618306,-94.158426,1015,28.51,10.24,64,7,1,33.74,36.22,25.52,8.49
176553,49.082371,160.368196,1013,26.06,39.68,54,36,2,38.29,25.5,55.93,0.25
539705,49.003579,99.554180,956,8.07,25.68,48,27,0,21.24,46.34,20.78,84.02
233753,-66.1005485,161.066132,1000,11.97,7.92,65,6,1,3.72,9.63,15.67,16.21
704795,-0.867568,53.014566,1029,37.42,37.62,64,47,2,19.39,37.91,28.12,69.89
914079,34.7258405,83.203701,900,15.63,21.98,42,30,1,26.31,33.02,35.43,70.51
218338,37.430882,-110.410478,976,37.02,36.08,64,41,2,41.16,16.58,19.44,68.25
23848,29.6374635,-148.450889,958,0.19,0.25,40,39,1,6.11,13.25,12.0,55.05
120803,72.979381,7.830071,1017,11.31,0.32,48,-1,2,15.16,5.6,38.64,78.89
81347,-12.594455,143.386375,1047,3.21,21.24,78,33,1,19.38,13.26,46.42,14.73
551952,-39.0578025,88.215293,1039,5.41,13.35,65,-6,1,3.98,15.0,54.22,87.57
926196,52.0398825,-176.097118,925,2.42,1.71,27,36,1,19.89,19.21,7.29,21.67
78939,-34.023012,2.856291,925,11.82,32.12,27,33,1,40.11,24.96,37.16,7.66
255819,-32.4524805,-54.331572,996,35.66,25.19,69,47,2,24.48,11.42,15.88,53.98
580870,7.7848475,-111.829638,901,32.94,12.74,76,16,0,26.05,2.5,33.65,46.04
328223,83.851930,14.733743,1016,20.17,19.1,54,19,2,1.04,40.93,91.28,70.46
64311,-43.940913,-143.120743,1015,33.8,9.94,63,-2,0,1.66,22.78,56.58,2.97
385902,50.1861055,42.404779,913,22.56,16.17,72,-9,2,47.08,42.11,11.88,70.01
775480,85.7123305,119.644708,997,5.76,4.56,61,-3,2,22.55,8.55,39.51,21.2
763926,55.186908,108.418867,960,17.15,38.51,30,1,1,25.38,10.27,2.18,6.13
864169,45.966087,127.507135,949,20.92,32.37,22,48,1,0.35,46.61,18.79,89.04
544796,18.0250805,40.735110,1003,20.91,2.59,58,37,0,27.71,3.79,7.54,22.95
798795,54.606753,95.873251,1018,18.65,0.62,59,19,0,37.86,4.96,64.1,32.17
677553,78.756047,-111.096221,905,21.29,9.53,46,48,0,16.6,2.44,80.72,39.28
740843,-33.0576135,79.693403,956,26.77,33.48,71,29,2,44.36,34.99,22.33,81.59
353846,-1.997052,-165.456042,902,14.73,28.66,49,30,2,45.34,42.8,78.9,62.34
41861,-75.5520685,19.171284,961,18.95,33.02,67,2,1,45.49,14.29,90.95,94.63
766560,69.8604995,110.442388,977,22.53,16.01,23,49,0,38.23,18.33,5.02,99.28
496044,-87.7585305,-174.822319,937,37.59,39.38,27,-7,2,39.01,13.69,96.59,64.53
547984,-66.0077985,45.182749,935,37.88,31.98,21,1,2,1.43,16.75,13.97,94.23
373112,-54.7922755,44.537785,937,25.65,4.44,51,-4,0,41.05,37.12,61.31,77.22
873564,72.333912,-22.482734,901,10.05,11.38,24,48,1,49.43,26.93,99.95,61.82
112705,-72.635655,-24.394675,918,22.72,21.49,73,8,2,10.76,24.06,23.68,33.25
703847,59.3391505,71.278115,1010,5.3,28.3,36,0,0,42.05,16.44,78.31,99.29
685901,71.8540515,72.646888,966,28.94,8.46,22,-2,1,12.25,34.84,67.13,42.67
926563,73.3652165,101.768288,902,15.37,19.74,37,28,1,46.77,1.83,55.37,51.72
230593,12.2693495,94.979732,992,37.6,37.5,29,3,0,43.82,13.47,45.79,6.33
198745,-67.846162,-96.854127,940,1.35,15.23,61,30,0,11.13,13.77,19.78,60.84
257984,-13.6766285,157.798997,1034,29.89,25.95,23,-10,2,49.62,44.72,81.94,4.62
132600,85.220770,-172.843199,960,39.56,15.34,69,32,0,12.97,22.95,77.54,88.55
858827,18.286592,-2.273817,910,31.02,15.77,24,-8,1,14.01,30.31,31.14,85.78
412640,-88.5130075,32.891074,1011,34.23,39.14,50,32,2,20.3,29.76,53.18,38.8
207877,-78.2913345,68.500034,1003,15.57,16.51,64,-9,1,38.78,48.17,73.72,4.13
963314,55.0972475,-119.739295,1048,20.23,29.39,68,23,2,29.88,13.69,36.37,63.75
557597,22.0890465,131.251353,977,25.7,11.01,48,38,0,47.33,3.41,73.16,57.4
821543,31.962932,-170.257913,996,6.07,16.66,29,41,2,9.29,23.31,48.46,54.05
573311,71.3377505,143.216911,917,0.2,7.76,36,42,2,35.02,3.44,49.21,39.56
791971,-25.673211,-37.355727,985,6.4,5.15,28,-10,2,8.4,24.97,12.38,0.23
968572,-34.9625165,62.073735,906,9.67,28.98,73,37,1,23.22,28.17,77.36,85.04
777064,33.0696285,-102.141130,1034,16.84,16.77,79,23,1,3.25,18.68,40.23,34.94
939140,48.048079,63.249253,1036,38.98,11.97,67,19,2,21.57,46.5,61.67,97.02
160659,53.2752885,80.537940,1039,3.31,4.61,22,6,1,23.0,22.3,87.14,72.35
798793,21.6768215,-178.688003,940,37.34,6.97,27,44,0,8.84,34.0,43.31,91.28
910295,-31.805689,102.477243,1022,29.25,38.59,51,31,1,8.25,44.08,65.4,59.53
656575,-81.7987645,70.115934,911,22.59,35.41,77,7,0,7.16,49.18,56.3,55.52
28188,-30.693147,61.726681,906,23.2,26.5,30,38,2,13.7,41.52,92.69,27.92
241833,-88.4742585,115.219292,1023,10.77,8.69,68,12,2,19.54,1.47,44.21,10.58
680734,22.4366215,49.651425,1031,6.2,38.83,68,33,1,11.9,1.23,54.92,51.74
509625,87.2974175,29.238044,1005,11.98,21.06,74,24,1,18.78,8.61,13.14,80.81
941495,77.5158515,-40.814780,1021,37.87,39.9,40,19,2,3.84,4.42,62.64,37.6
133251,-34.111779,74.018268,963,26.19,24.05,72,2,1,0.21,29.29,30.92,34.61
443064,89.107970,88.998040,1025,35.03,30.86,44,21,2,49.1,44.05,84.12,79.14
877068,-25.747328,-32.543475,1004,22.14,25.71,80,9,1,26.85,49.87,49.99,6.04
364097,44.2416215,-17.028851,921,34.29,39.74,29,50,2,20.71,19.33,25.68,85.73
832241,-51.277924,17.108476,911,4.76,19.76,79,30,2,29.5,44.34,16.29,37.56
549650,4.5902065,-53.966875,913,22.2,10.32,61,33,2,34.65,7.75,34.33,24.38
203107,28.442005,109.877517,911,14.62,14.46,56,34,1,43.43,34.83,37.38,50.52
644120,-71.6712385,-36.144258,1026,27.1,17.4,47,32,0,16.93,0.3,97.36,7.81
937716,-35.715513,134.450100,1011,31.9,19.95,43,49,2,23.52,1.6,41.37,82.97
832016,54.2323745,-149.505691,982,36.74,31.22,31,28,0,0.1,2.37,3.78,2.03
219021,-51.413295,-81.030829,911,21.2,29.83,41,-6,2,34.87,36.66,20.17,88.78
473735,-24.4722995,18.019547,979,7.82,20.28,45,-7,2,8.89,27.91,80.63,1.39
322302,20.666651,137.608510,1006,5.08,28.5,49,22,0,22.68,31.95,55.16,8.55
700434,31.852330,-169.416434,1023,18.5,7.79,29,21,2,32.62,0.98,15.17,67.05
755868,81.1174355,70.240593,918,36.85,13.28,77,47,2,48.99,27.79,68.27,36.61
880345,-85.4410015,-167.925610,1030,0.06,25.48,65,2,1,5.66,14.31,44.7,13.66
431092,70.0241025,30.141737,911,38.46,37.29,56,32,0,36.29,14.29,22.0,91.71
655739,-89.602227,73.535583,986,28.09,8.81,34,-5,0,47.24,19.84,65.97,37.2
437054,50.216104,-150.255439,990,36.41,35.96,58,31,0,49.45,18.34,68.6,19.19
506135,89.542642,37.222596,951,7.46,34.21,60,14,0,27.01,38.9,36.81,92.21
44736,83.185318,12.103952,1050,3.45,38.98,27,24,1,39.74,39.97,11.45,59.23
501975,-75.2894285,-20.641352,1047,39.1,5.74,41,25,1,12.49,25.89,16.65,81.83
604210,-82.070487,-46.474772,955,9.82,8.0,52,0,2,40.62,14.16,5.58,45.33
224038,-27.1331415,-115.587422,964,16.5,20.01,69,3,0,29.99,18.03,83.22,53.96
844010,-70.5779605,118.827211,1014,25.92,28.31,32,30,0,43.38,27.38,99.74,38.53
425483,65.6716865,112.548067,956,31.3,37.56,21,0,1,31.11,17.87,96.09,60.84
794737,-56.814564,-120.970521,952,36.88,29.51,68,5,0,20.63,33.26,61.29,65.65
847760,-61.8976475,-136.921428,939,35.15,23.91,64,26,2,10.91,30.44,67.21,85.08
737930,78.343887,63.899027,1011,2.55,3.06,33,39,0,38.59,22.4,90.99,37.23
42031,20.182617,140.087465,1021,22.57,23.84,24,2,0,25.98,47.76,89.38,61.09
35095,-64.570064,-50.726094,933,22.48,4.16,43,26,0,13.89,47.77,52.96,11.74
783007,-65.1171925,-67.594662,988,16.75,37.28,70,50,2,41.13,2.57,57.33,38.4
843646,-2.5077745,79.499331,992,31.76,15.15,77,24,2,33.17,20.17,30.78,49.8
605915,-54.4709015,-101.310735,1008,0.83,3.49,57,9,1,31.41,30.37,29.64,34.68
672506,-64.625364,-36.715348,902,20.4,22.42,43,37,0,37.26,20.96,87.77,36.33
425934,-88.8870365,6.227285,1033,11.37,31.16,73,36,0,35.52,45.17,42.4,8.9
896326,0.334573,-141.086380,1006,0.36,23.8,38,-4,2,13.79,11.4,18.27,13.28
23142,-53.386973,20.922125,987,35.15,28.6,37,-3,2,29.24,43.31,60.57,26.47
957571,-79.934464,13.907781,909,0.07,18.42,55,-2,0,13.65,16.16,5.72,91.01
698537,-83.7306585,-114.880499,976,15.35,9.18,24,-9,2,38.06,19.8,1.43,62.79
687595,-80.676020,-78.126394,934,30.12,18.14,35,35,1,2.51,21.83,4.54,83.39
873909,-4.964026,-169.597136,901,4.59,17.69,44,48,0,5.06,41.15,21.91,3.19
990926,48.454912,-179.793427,1047,15.34,8.2,21,34,1,39.86,18.67,8.15,90.71
792621,-54.0003295,-129.721630,995,21.79,35.83,37,0,2,10.2,23.45,78.31,89.57
659596,16.4727455,81.681015,962,24.7,8.71,40,7,0,41.52,36.78,87.59,77.85
94263,-5.453655,-170.741350,1042,35.25,8.79,51,9,1,26.66,36.12,5.56,76.67
990980,26.1914635,143.178033,988,36.4,37.79,21,-2,1,42.45,39.46,86.15,53.86
961592,-67.075827,-42.722839,1036,7.42,30.89,23,1,0,27.06,12.86,65.23,59.04
165094,-85.307361,177.289493,951,38.21,34.03,72,19,2,30.99,5.12,87.75,54.42
617932,-5.6322335,-72.262523,1013,4.09,2.7,58,43,1,7.21,42.57,69.86,70.02
655162,60.0491885,-141.194334,1015,10.48,4.55,29,9,2,46.62,39.46,87.28,81.33
572188,21.530598,-56.432353,1035,4.73,30.84,64,9,1,32.76,27.27,93.54,66.67
850717,-65.7588515,119.097624,955,8.0,39.84,67,5,0,16.7,5.64,61.37,17.2
687136,28.6029325,82.377348,1037,36.56,31.87,55,21,2,42.12,1.68,57.46,47.74
228433,-66.5125835,82.829965,1024,10.21,30.82,38,19,0,29.17,12.78,79.0,93.24
392687,-35.110034,-73.926901,998,34.0,24.15,67,9,0,40.61,0.9,69.22,48.38
483408,41.7596585,85.864284,953,7.36,36.44,28,17,1,44.92,7.78,36.12,13.5
403216,21.0489235,151.777680,991,5.86,7.17,68,-6,2,1.21,18.96,1.93,37.46
203997,48.222324,-41.682035,1048,14.21,32.63,21,-10,1,4.48,9.01,87.28,57.55
48328,57.3222325,-47.399759,945,36.64,39.99,22,5,1,25.38,16.26,63.7,60.53
418638,6.3036175,-62.133138,991,0.09,1.78,25,16,0,25.67,36.67,44.9,87.29
454497,5.455733,67.287755,997,10.2,27.41,76,14,1,35.29,6.18,61.84,16.43
158296,-53.446040,36.587850,919,27.72,17.91,69,44,1,25.93,22.69,68.74,69.84
807882,-8.103141,-100.321190,925,33.89,28.61,35,-9,1,12.55,32.41,11.75,53.48
523504,-8.288529,179.070738,928,37.84,23.2,58,2,1,33.24,48.34,97.15,41.76
710238,72.8392935,177.562678,1000,27.82,38.35,69,23,0,13.33,6.42,86.46,84.14
401705,39.5409625,176.425719,1028,30.49,0.3,34,27,1,32.24,1.9,11.41,2.53
692881,-52.136372,-156.734625,1017,25.5,27.56,32,4,1,27.75,23.29,97.2,78.33
592032,-29.5848685,167.550220,1022,24.54,26.75,65,41,2,45.41,49.21,15.97,99.36
678832,63.496993,72.390692,923,9.44,38.99,48,-4,0,43.04,15.81,64.14,38.58
216386,36.3759415,-75.499998,955,20.24,3.87,43,15,2,2.91,46.39,5.45,99.07
416082,54.6916095,106.176892,921,3.99,5.58,71,-4,0,41.93,9.48,67.61,88.85
704503,56.422559,47.968657,1043,32.64,16.53,28,32,0,20.3,2.59,78.24,90.16
292108,51.741883,162.547082,904,27.42,3.38,70,-4,0,12.26,40.88,55.09,12.54
111084,0.0843155,141.550659,948,31.83,34.95,41,20,0,45.01,38.85,25.08,18.16
653223,48.182957,166.958886,1045,14.03,1.59,20,21,0,40.49,36.04,41.5,0.83
559423,-10.1500115,130.129418,910,10.33,16.26,66,26,0,38.11,0.72,52.24,50.8
695557,82.940756,61.915780,912,12.2,19.16,34,-6,0,18.94,15.67,53.09,68.63
327652,-54.8887105,-105.715977,1023,25.88,26.27,33,22,0,2.95,19.33,29.75,23.39
246,60.763804,-64.406387,1031,28.33,15.35,72,10,0,4.37,0.74,95.02,38.33
94578,-23.995170,48.262343,1009,20.44,24.34,65,2,0,28.04,14.07,57.09,3.74
911384,11.8240275,74.464296,958,6.78,36.99,71,3,1,43.49,5.7,56.27,42.55
119281,56.1397335,-111.314568,940,33.17,23.11,33,8,2,12.68,46.05,80.3,70.48
421062,-82.3021115,135.926159,930,5.51,22.9,27,27,0,12.47,31.88,42.24,89.37
969518,9.938271,-152.912429,960,14.02,5.73,52,14,1,47.18,5.22,41.51,48.23
4380,57.409587,-60.929279,916,29.42,28.83,53,1,0,31.31,9.74,3.39,43.84
188841,-52.676990,-125.818904,983,3.36,7.53,70,13,2,44.87,8.67,9.16,62.4
915480,4.110488,45.121412,1001,27.21,7.86,29,7,0,25.32,16.5,54.56,23.58
122412,87.3470665,127.069257,987,14.32,21.31,59,24,0,39.89,46.13,22.99,29.86
647194,4.944926,134.000733,951,28.87,20.44,63,36,0,10.84,29.17,1.81,45.53
875575,-59.492435,88.335346,1001,3.21,2.36,67,22,0,47.43,4.05,60.89,46.47
397364,-64.0510185,-12.371893,1034,2.26,7.4,76,-7,1,34.52,22.67,12.84,8.26
876355,-28.186305,-13.670314,967,39.7,29.23,56,-8,1,48.45,40.58,54.86,10.23
156856,-57.522643,132.604649,1033,30.49,10.54,37,35,1,20.94,36.46,31.72,45.5
594356,-8.805653,176.049279,957,4.29,26.11,42,-2,0,28.57,12.05,49.63,44.46
914315,-36.282094,-15.282411,901,25.32,35.01,59,6,0,18.19,8.92,75.65,28.46
451771,9.348318,-63.516458,1050,16.53,2.2,46,6,2,22.45,21.4,23.24,45.18
960495,66.2125625,-122.533656,990,1.62,35.53,48,-6,1,32.9,48.98,35.82,68.16
321538,-39.9815915,57.614640,1002,17.3,12.15,55,40,2,47.09,3.31,56.27,96.27
753257,15.764640,12.132622,1033,36.37,8.29,77,9,1,0.52,38.08,36.32,1.58
888550,-9.337267,-92.095992,1024,31.13,29.75,54,39,0,37.11,23.63,22.11,34.05
898513,53.427335,-90.317343,1016,37.63,22.6,38,35,2,9.21,24.04,86.9,39.1
162378,-80.2621865,101.469217,1007,3.88,27.75,66,36,2,13.82,28.98,29.86,90.47
988760,-32.4419515,-117.921269,1046,10.54,27.13,64,50,0,27.19,15.3,37.03,63.17
442626,-17.424550,5.695378,1043,17.59,13.12,64,12,2,47.0,13.16,97.26,75.61
435371,-71.6285625,7.154914,1040,36.3,0.22,79,24,1,1.44,3.2,28.89,2.89
272939,77.189678,34.819011,1004,10.19,13.03,73,40,0,4.6,43.55,68.98,50.42
803021,-58.9875165,68.874317,996,13.5,9.34,80,35,1,40.27,36.93,29.44,10.09
952206,-25.876879,44.468977,1015,21.62,35.37,21,30,2,44.59,13.69,24.33,70.36
664274,-44.0503815,75.377426,964,37.99,31.45,53,14,2,38.52,11.41,51.62,62.7
643495,20.5078395,-91.173718,908,33.47,20.66,24,10,1,27.53,30.21,73.39,66.31
173752,69.786188,-64.242179,976,15.16,38.57,31,-8,0,20.12,16.25,8.52,84.66
561742,75.8985305,-68.764946,924,35.68,39.72,72,26,2,30.13,3.26,16.87,46.49
314515,-82.1630115,177.917649,905,32.25,36.73,73,50,0,12.87,3.83,12.37,37.26
687292,-86.2737685,-115.785594,968,14.68,10.86,41,-3,0,3.33,28.57,17.49,12.79
238725,70.774916,-13.940413,1033,21.16,1.15,50,-1,1,1.58,23.48,31.45,21.35
353253,-89.1751085,119.873367,954,1.61,28.51,31,7,2,8.3,5.13,43.89,89.21
739557,50.3316575,116.510571,1018,6.68,25.62,58,14,1,15.04,3.42,90.6,73.71
741650,-11.524771,117.401359,925,17.79,27.37,74,35,0,1.26,7.0,54.88,46.5
492082,43.1781325,-73.871720,1026,27.48,33.57,56,44,0,42.04,34.94,91.6,11.68
624442,-44.066765,-19.549602,921,37.74,26.93,47,49,1,13.57,24.71,6.41,88.21
111273,58.9086535,-142.326627,1045,24.99,24.83,65,-4,0,23.61,45.35,34.8,83.5
723452,-53.738860,-33.158899,992,11.16,5.62,78,6,0,37.93,42.28,56.28,11.15
570649,-44.1224415,96.286451,945,37.84,7.3,34,38,2,27.79,40.68,78.21,42.63
905919,81.447685,-42.733316,903,12.13,26.71,67,12,2,14.66,47.78,18.22,31.4
459626,-6.673765,-140.008517,1045,12.48,27.95,36,5,1,18.78,5.46,71.98,67.76
274849,-67.2902495,-171.792514,987,26.3,19.11,31,-10,0,12.06,6.57,93.28,43.17
286793,-75.2170355,-33.614715,972,16.19,23.1,31,50,1,34.27,1.84,40.81,86.3
899549,-86.577212,169.263893,1040,29.15,3.86,45,3,1,14.58,35.61,47.97,38.25
142664,19.1637845,143.799910,977,9.61,7.46,56,26,1,18.51,7.24,73.17,45.16
434950,31.588529,91.485518,989,14.53,4.24,66,45,2,25.42,46.34,57.94,79.75
483907,54.928923,34.687669,965,34.83,35.39,42,49,0,18.59,46.92,27.62,16.08
511176,-56.994554,32.811492,996,7.21,1.96,79,5,2,47.85,38.19,32.02,81.47
296444,-52.4742595,58.721913,913,30.99,17.03,42,44,0,36.61,32.85,33.05,16.27
62850,88.838260,55.812212,946,9.16,33.12,73,45,2,21.57,20.04,86.05,90.57
909841,42.1117915,6.893031,976,34.8,21.3,24,23,1,1.53,4.31,73.41,23.91
318126,-79.4021385,24.767648,939,2.38,21.41,45,-2,2,34.88,34.01,49.08,60.99
365626,-74.249365,49.788125,1012,22.52,16.75,58,33,0,13.46,43.62,16.15,26.65
451352,-28.807617,148.106062,947,15.64,23.81,29,44,1,27.2,10.55,70.52,1.86
644176,-52.919421,-123.614296,929,14.6,29.18,66,33,0,8.84,32.1,91.94,43.57
388420,-41.894927,-39.779707,913,38.6,3.17,80,12,0,4.86,3.33,70.94,51.53
313822,-31.1631045,-25.254680,921,24.79,17.26,32,20,2,44.81,6.67,71.2,14.12
512080,83.6623275,16.578052,1021,5.51,29.47,36,41,2,27.61,32.94,37.66,52.66
980377,-31.3642935,-141.884765,1017,26.11,9.0,78,8,2,13.07,14.05,86.21,61.28
894354,-46.393294,-72.310758,1044,38.69,36.53,23,33,2,49.95,19.34,59.15,78.39
261796,15.770477,17.243301,964,25.59,2.87,49,12,0,29.54,20.59,42.07,10.11
555279,70.4636205,38.445791,980,13.08,24.77,46,50,1,43.35,16.45,39.76,80.34
640245,69.2536375,-99.271129,1045,20.81,23.85,39,-10,2,32.63,47.1,50.0,37.05
858078,15.228939,-164.896367,958,31.06,23.39,45,33,0,27.24,48.02,80.14,44.73
986155,50.5205485,69.863845,997,33.66,10.33,20,47,0,31.27,49.51,0.31,15.11
828021,-32.965954,-31.642436,956,30.52,3.77,58,33,0,7.77,1.12,42.11,96.3
911895,-16.2279595,139.521451,1015,26.53,30.09,47,12,0,30.27,22.82,1.38,80.61
619404,88.668575,53.273192,946,22.43,29.2,64,14,0,5.16,41.08,60.59,1.11
696731,38.633302,-75.683178,1026,17.82,29.25,51,29,1,17.94,3.23,79.69,28.18
631822,-38.410153,-91.808456,997,11.16,22.28,51,34,1,41.59,31.97,45.13,87.55
717704,-19.184589,173.186191,1002,18.33,31.42,49,16,2,8.26,44.23,27.28,61.61
137537,61.230923,98.028517,1003,4.71,38.57,29,10,1,49.12,36.44,41.77,60.42
838309,-77.988855,-176.797210,1039,18.4,38.24,55,1,0,9.77,25.1,24.86,75.49
863793,-46.198517,-150.876565,902,29.96,34.74,72,30,2,35.02,28.26,54.83,59.1
56781,49.2827195,-81.856218,907,38.98,13.86,63,-6,1,48.31,2.85,26.36,10.66
219118,11.8472105,-90.210366,906,18.91,39.59,79,-8,1,47.25,40.12,58.76,3.17
596920,1.553540,-125.848337,935,14.94,31.38,71,31,0,29.52,22.19,37.14,20.13
499355,30.7632485,-115.203179,1021,16.94,11.56,65,47,0,29.22,14.3,82.79,94.67
397103,44.6595035,95.166766,1020,14.16,33.14,54,37,0,1.31,36.26,91.95,67.38
409469,15.7215495,26.983806,990,37.43,20.2,56,35,1,48.96,19.01,41.76,32.4
847249,44.2318655,-158.876412,1036,27.68,13.83,41,-9,0,4.54,37.99,92.71,95.99
76187,-32.9735445,-166.602731,984,3.63,9.95,55,-5,1,47.51,35.18,24.86,24.07
611292,40.4862245,65.056393,1001,10.11,5.01,32,43,2,25.04,34.6,81.92,10.84
742776,22.328239,-52.356598,918,17.76,8.37,42,33,1,15.47,35.02,76.15,22.8
57633,-82.587162,112.933352,1005,16.42,31.46,43,34,0,12.75,19.48,76.63,55.77
380489,-47.0850345,172.643863,906,25.98,28.55,21,37,1,33.13,44.66,35.02,20.8
584598,13.8214565,-146.695130,977,11.89,6.38,55,25,1,31.29,18.48,64.18,44.07
924978,-28.1721925,-170.677552,965,38.07,31.46,59,47,0,5.32,20.05,43.26,62.94
661348,-48.394356,128.160822,983,8.81,8.6,59,21,0,24.89,20.28,90.34,32.03
42570,51.1685705,128.448936,1002,38.01,26.99,34,24,2,48.84,19.2,83.62,69.42
234601,-70.704000,-132.447710,980,7.04,9.56,48,25,1,14.5,17.97,43.28,3.87
585846,82.1390655,-131.820319,912,2.54,5.61,65,-1,1,33.74,42.66,32.89,35.43
18332,-67.586142,156.148418,952,1.29,34.25,60,11,1,7.33,27.93,66.03,51.46
496427,11.002473,-157.264932,918,31.86,20.22,41,-9,0,30.96,6.92,33.24,78.12
274502,-28.060274,89.616088,1044,8.87,11.69,31,2,0,43.39,39.26,91.65,71.39
440773,46.096787,-22.868736,1015,25.68,27.98,28,22,2,45.45,47.98,17.75,16.34
423598,-27.1672365,-144.103298,976,24.16,27.3,50,13,0,47.53,1.09,22.3,15.56
628256,58.839103,144.727996,908,19.1,31.2,37,-4,1,29.5,48.12,73.29,35.04
54824,26.705414,91.967346,996,30.75,3.04,49,29,1,48.99,42.59,10.43,13.56
17032,-72.473920,112.105183,922,27.56,22.17,54,-4,1,31.85,9.45,70.08,7.09
702488,75.892087,-46.523548,988,16.41,17.13,64,34,2,46.13,48.85,91.39,70.02
485907,-86.5669895,-42.232478,1007,11.53,10.01,67,28,2,0.75,48.06,94.05,55.19
938476,81.931201,29.744869,993,4.97,0.66,60,-3,0,7.56,31.12,14.52,27.8
928639,-82.092224,91.876282,905,9.18,23.03,58,40,0,45.61,37.0,42.83,31.94
209014,-33.3590495,-39.377861,1038,1.26,9.2,50,39,1,37.41,34.28,67.51,14.68
378057,-89.102423,-31.992891,960,20.7,25.32,66,35,2,23.19,49.25,53.04,31.72
270151,-87.9495985,-58.344512,930,35.8,5.09,60,39,0,48.8,39.71,24.38,7.16
633539,4.626100,-129.775764,949,31.45,17.39,22,8,0,12.53,22.47,87.98,13.82
333685,-63.7278985,115.527671,1002,11.32,38.11,44,22,0,14.19,2.24,18.59,64.37
579648,26.829244,162.124697,995,3.57,29.14,27,45,0,17.94,15.26,43.03,25.23
295536,-40.010513,-31.555792,957,15.16,4.2,76,47,0,30.48,33.21,66.91,26.31
482557,5.6544905,143.354049,959,24.13,13.5,46,45,0,21.63,43.35,29.5,40.84
415802,-78.791768,20.545265,1007,6.53,35.89,52,38,2,47.96,40.3,79.41,95.67
703363,76.676587,69.474549,905,24.82,33.6,38,37,2,35.06,13.42,21.72,38.48
728087,-4.6995465,-93.842157,1005,13.28,13.34,37,4,1,18.83,6.65,30.51,82.54
248555,47.2564955,-122.621730,928,30.95,23.81,39,-4,1,15.85,35.04,52.3,40.82
839054,54.4983985,137.436902,996,12.87,35.92,31,0,2,11.66,31.62,65.98,81.99
620007,-60.3082295,38.950090,959,5.4,33.5,47,49,0,45.71,19.06,49.38,76.15
732535,78.095444,174.609562,931,9.29,25.22,65,0,2,32.92,46.93,83.74,71.91
168038,-14.0829335,-76.384640,979,29.24,29.99,30,-3,2,13.9,10.52,44.16,97.43
204681,36.5044205,-37.826623,951,25.65,12.67,33,26,1,7.77,12.0,38.76,41.83
500830,6.1845615,52.864805,1050,21.86,10.1,42,5,1,30.26,11.2,28.37,68.57
659150,35.5798575,-110.369677,925,1.98,7.69,37,14,1,23.84,49.93,11.27,78.4
522195,-74.7984115,-68.784706,918,16.16,37.62,65,22,2,30.46,1.77,42.69,81.99
901738,-41.7112885,-87.354461,968,11.71,11.35,32,13,2,42.88,39.49,91.02,73.07
331390,82.649192,-26.004746,1027,3.04,8.17,20,34,2,43.59,18.69,70.49,28.37
931850,-71.7398605,-58.081488,1027,17.44,29.36,44,35,1,38.92,10.06,47.56,24.9
892173,45.6550155,-117.902725,1026,25.49,34.33,62,38,2,4.45,0.23,59.63,63.6
709433,-18.707802,-10.889219,998,32.78,25.22,52,30,0,34.79,3.35,81.11,73.15
981121,-17.385063,-68.835730,917,39.14,8.67,65,12,1,45.34,12.94,19.43,4.31
360640,27.152500,163.594970,934,37.48,4.68,71,-5,2,36.53,48.78,36.68,62.94
732691,40.3743075,-55.272168,1018,10.89,21.02,26,30,2,11.38,27.3,0.75,69.1
304810,-39.3063615,-124.373888,928,26.08,2.97,53,42,1,38.97,21.24,67.71,96.0
220351,-1.506341,-39.320084,910,9.2,3.15,77,44,0,21.55,42.93,25.82,73.09
356050,-37.545718,103.672440,981,35.52,11.74,55,37,0,35.05,14.52,34.42,43.72
100178,-88.830516,-106.043212,945,37.44,22.23,28,46,1,14.64,8.01,10.21,35.96
450601,53.469524,-21.573134,978,6.64,25.11,70,-8,1,32.65,14.04,14.6,24.29
90477,70.928900,29.255799,918,0.41,31.31,68,25,0,43.61,35.45,53.08,93.8
479954,10.1852395,-80.154259,915,4.54,7.14,69,15,2,48.01,12.11,50.27,83.17
525863,25.734346,130.351466,985,8.89,3.05,61,26,0,14.17,36.35,83.39,4.94
895744,81.4131325,174.829468,969,0.02,0.17,77,39,0,28.36,17.13,16.47,89.18
962156,49.661953,34.721316,956,5.79,38.78,73,42,2,49.68,30.26,11.97,82.22
294838,-45.1541025,135.973193,1026,15.92,9.44,62,18,1,7.99,27.11,26.63,69.12
166199,-32.882632,138.684225,979,15.71,27.95,69,12,2,1.51,39.67,34.29,30.2
523971,70.4920265,54.618596,989,37.98,39.37,52,28,2,37.62,9.49,52.3,66.12
740460,37.060129,-12.876151,1005,13.07,18.45,31,12,0,35.22,35.27,0.57,53.75
547618,-56.6706345,-129.352314,1029,13.74,13.59,36,30,1,32.27,40.75,14.51,59.02
984658,-73.7556195,-154.042137,1026,22.48,35.32,59,30,0,32.6,45.12,90.51,95.18
670332,80.1556575,74.040888,1008,21.63,3.36,46,48,2,10.91,8.73,59.47,2.72
166570,70.1857765,-60.648524,912,38.75,30.2,74,0,0,18.01,25.15,77.76,6.63
593594,51.331667,-61.584314,1036,6.73,12.51,20,30,1,16.24,8.12,30.56,13.12
356436,-86.2265795,-66.969213,1003,1.56,21.38,75,8,0,17.35,6.13,45.95,24.23
198453,87.2903585,-64.063962,941,4.29,39.29,69,36,1,28.87,21.06,95.54,92.67
410015,-65.8971375,86.361997,955,13.33,18.47,40,46,0,9.23,24.92,34.05,83.24
956099,80.186215,91.624674,901,16.16,21.89,64,-10,2,28.75,45.08,89.35,74.18
587663,-40.8350285,102.014488,935,6.55,27.09,70,32,2,22.41,42.03,88.31,42.97
311295,-78.202012,121.576157,926,0.12,35.74,23,25,2,10.81,32.62,96.83,66.82
431687,-6.1177835,-170.521112,976,37.82,26.14,26,43,0,3.62,30.92,38.88,58.74
12780,-17.976418,-127.488189,1018,31.03,1.28,34,28,1,37.04,36.1,54.21,13.58
171879,-18.904575,26.426958,1046,22.66,26.91,38,9,2,21.78,5.78,34.35,94.41
675600,-34.947931,52.049797,1027,23.03,0.49,66,6,2,43.5,1.19,93.15,47.57
504575,-9.7177585,-103.923530,912,37.89,5.31,67,34,0,45.57,31.51,15.84,96.76
763891,-54.1536505,47.415461,935,5.47,15.08,75,26,1,10.83,38.62,28.25,85.8
248208,-5.765377,11.194798,1039,4.02,16.3,63,11,1,19.52,47.63,21.39,24.05
8772,76.748026,150.063531,935,11.11,29.49,40,24,1,3.21,7.01,91.69,38.1
707915,44.829213,-2.884801,1007,36.98,7.17,67,20,0,20.42,39.25,56.92,93.62
650155,-14.7802875,48.205629,952,3.7,8.73,24,9,2,10.83,23.4,15.53,33.24
411029,15.122174,74.436046,1005,30.25,2.08,45,30,2,19.58,25.91,96.2,79.8
557149,-44.7565405,146.198946,990,16.68,21.47,55,3,0,14.17,9.68,30.79,99.67
637515,80.161700,100.031067,905,34.76,14.35,54,44,1,48.81,34.96,23.87,92.83
514967,3.7169215,177.954583,949,20.81,32.64,61,33,2,45.72,38.52,76.32,77.29
155779,-82.530323,-24.965092,1050,37.96,11.8,73,15,1,34.02,21.9,40.1,32.12
184629,67.2798835,100.919613,979,4.07,25.66,27,0,0,36.55,10.07,27.96,33.66
199253,-1.5655985,105.157927,911,37.01,34.2,65,34,1,2.5,20.58,38.11,43.64
516744,2.502755,-91.957073,1023,3.23,32.71,75,42,2,39.55,48.73,23.8,21.08
15831,-76.324916,98.538669,915,20.41,15.31,79,-2,0,22.28,42.05,96.13,54.44
776718,-38.5730895,37.295596,950,9.79,9.88,71,11,2,42.93,36.1,74.54,7.25
879424,-4.9718755,22.900346,988,18.57,15.93,45,28,2,26.92,31.7,62.07,90.1
251462,57.5107825,-0.064772,989,23.71,31.56,67,19,0,22.9,35.78,26.13,66.9
803888,24.617481,94.427658,1047,39.77,8.62,35,42,2,47.84,0.93,14.9,59.31
934486,34.451529,-24.577711,1001,14.12,37.15,27,42,0,4.99,29.94,36.82,0.36
528631,48.909427,117.179207,936,3.48,2.89,61,37,0,28.65,4.25,1.78,0.05
688701,-71.883925,-87.812635,971,11.11,18.46,36,5,0,6.0,5.4,54.69,26.14
33637,40.208851,133.351628,1009,8.48,32.47,29,16,0,9.82,4.11,52.43,41.71
965490,-77.395136,27.727492,1001,13.17,0.16,38,-9,0,35.03,10.71,42.86,42.64
590230,21.521772,-23.579937,913,11.71,7.23,73,1,0,25.21,34.35,50.03,33.06
693574,-39.7347925,112.602677,1033,1.51,23.92,40,21,1,33.75,28.88,75.83,9.49
1947,-5.0572675,-144.434945,1041,21.99,11.84,59,22,2,33.22,0.85,30.51,14.16
136712,-60.5814895,-60.448851,920,3.2,3.95,20,24,1,27.52,1.88,6.57,9.73
841308,49.0668175,-97.390358,983,35.28,23.09,37,-3,2,12.12,3.95,89.48,43.12
909387,-51.634419,67.916514,946,21.27,3.49,55,8,0,34.07,25.73,64.32,16.86
450459,25.7590475,-164.845669,938,12.15,25.95,54,16,1,42.74,3.42,84.52,72.75
869105,41.9814265,-173.915106,1011,34.0,11.17,28,24,2,26.76,16.72,73.64,10.28
627172,-33.771141,-1.386208,1039,29.41,22.25,28,17,1,4.02,9.43,94.43,43.75
59097,-80.455286,-126.701389,1025,10.79,37.55,72,50,0,7.1,24.99,12.43,9.3
323919,46.732771,58.382018,906,9.44,17.83,53,16,2,7.29,15.86,95.89,61.7
337520,27.1671655,-117.600307,971,27.83,34.49,34,-3,2,23.91,46.86,77.36,52.93
406574,43.9780355,-112.442594,944,20.09,2.45,71,29,0,38.31,47.51,66.95,38.91
335443,75.971548,122.583410,1004,15.24,16.42,54,25,1,40.16,8.94,14.27,60.67
929321,-58.396890,-151.934938,1021,28.74,24.01,26,29,0,41.93,40.44,36.52,46.45
458761,13.967543,139.733062,962,17.06,3.59,78,32,1,6.26,0.44,38.43,30.6
823401,-28.138414,-9.632750,936,12.86,12.39,20,50,0,7.95,17.73,28.17,68.25
639825,16.041219,10.480606,1035,16.33,27.6,40,3,2,24.92,48.28,62.83,52.82
536422,-6.2203455,66.114092,946,38.94,32.97,77,39,0,21.19,26.15,18.32,93.55
662610,-62.405808,98.252627,1030,4.49,10.74,55,-4,1,42.66,29.68,87.59,45.57
261385,55.0423985,163.351508,1014,30.13,16.4,65,48,1,2.33,4.16,64.98,8.08
654547,54.3800615,107.936788,1045,13.86,34.58,33,48,0,45.01,26.67,35.95,53.24
154534,-37.584588,19.267818,1031,19.87,25.34,42,6,2,17.88,28.8,38.06,83.1
166401,34.212860,-71.981681,1002,22.16,35.2,31,7,2,19.31,26.42,23.06,9.87
639775,-20.446435,101.665207,947,29.55,5.35,80,28,2,4.53,35.44,47.58,60.94
318301,-14.1221185,-115.336130,1047,1.47,38.96,66,43,2,27.22,1.42,7.01,19.55
657434,-12.761726,-106.306143,961,20.1,1.67,39,38,1,27.85,34.47,98.06,30.08
762305,-1.8657345,-112.166349,1004,29.21,16.49,61,45,1,48.0,27.94,48.24,5.43
890839,-24.865592,19.564013,1045,25.09,0.15,38,50,1,10.22,12.42,60.64,59.18
526108,32.884730,167.195965,993,4.44,24.9,46,37,0,1.93,2.87,29.18,82.15
404955,-26.5850285,-0.943860,924,19.41,38.99,33,-7,2,48.59,22.38,95.0,75.71
837861,-44.6065185,178.291352,985,14.05,31.15,28,48,1,48.13,18.56,20.09,54.96
406168,-56.498955,-145.761578,914,0.89,16.28,45,14,2,47.96,8.52,94.42,82.76
146387,-23.2879175,-7.816485,943,25.69,7.51,61,-1,0,14.7,4.12,31.23,79.21
747625,11.121209,-165.653372,984,21.41,4.35,80,5,0,28.18,36.88,72.75,76.51
352055,-67.855074,-6.242269,963,35.17,21.5,76,42,1,40.04,24.56,57.66,73.38
247109,86.407377,73.516614,1016,28.52,30.3,74,30,0,18.32,0.14,66.02,31.61
611365,32.984054,-100.992429,1019,22.49,39.88,25,46,2,4.24,41.24,11.49,5.73
980047,31.4706395,66.654437,965,11.31,36.61,44,35,1,23.85,37.88,53.27,11.41
825563,-88.241433,97.569347,1043,21.44,28.88,37,25,0,39.92,9.12,41.49,3.84
508713,17.5449115,-23.504317,922,28.32,5.75,59,9,1,28.29,13.48,67.38,85.97
236951,-67.5426995,-78.338125,963,0.86,37.13,65,17,2,33.69,7.31,24.08,38.46
664199,74.1472685,-44.375612,1007,38.94,29.26,39,-8,1,19.89,42.96,12.33,60.38
961253,81.1333315,-116.387281,920,17.26,1.59,78,23,2,23.38,6.46,72.85,18.85
691919,-45.8506765,35.063420,917,24.45,30.52,69,12,1,5.04,48.07,6.39,13.35
820705,61.500521,-115.223190,1006,7.55,19.26,35,-6,0,18.78,46.68,31.52,2.07
307087,-39.202072,39.733747,929,6.17,25.94,67,-2,1,25.59,13.57,92.83,69.13
437161,-69.620020,-140.200825,979,6.28,9.14,60,20,2,45.72,1.48,53.49,89.79
824328,56.434059,13.013078,1021,1.12,11.4,68,41,2,21.54,49.98,14.13,30.8
156464,-36.5230915,9.005455,913,32.73,19.06,48,32,0,20.55,26.43,57.87,66.54
946158,-57.1465105,-126.928212,993,7.08,34.95,65,-5,2,43.43,11.86,29.86,73.67
772946,38.367251,-116.032549,1008,11.27,27.74,27,12,2,4.0,12.67,41.08,74.77
746387,3.393973,141.351877,1006,21.26,0.81,47,4,2,20.09,29.73,17.41,89.82
267204,55.2633925,-80.349652,984,11.1,14.7,50,29,0,14.38,17.2,37.68,78.99
774284,76.406974,-6.110182,976,37.71,11.01,37,3,2,25.84,20.16,64.5,40.97
329566,-67.0353365,97.803763,1025,26.3,4.3,47,-9,0,11.05,43.69,70.08,23.54
571986,6.5492445,-133.971947,982,25.57,7.17,63,8,1,37.1,0.78,32.42,60.73
948568,78.943935,-165.154320,942,15.64,34.35,50,50,1,41.2,10.02,28.89,77.18
546338,-14.326622,131.260130,995,0.67,36.63,78,18,0,8.03,0.96,43.43,83.98
683693,70.9962365,54.816570,998,19.46,39.15,47,-3,2,16.35,44.68,71.79,77.4
347777,-18.7677755,120.814372,952,26.32,12.02,52,6,0,34.03,19.21,3.11,48.94
760009,-5.4848545,3.472366,935,30.82,22.55,46,1,0,32.95,45.5,10.2,8.77
323746,-64.984685,-108.862790,982,38.88,14.8,67,10,0,40.3,36.72,38.62,60.19
652792,79.251555,-2.074106,1000,34.16,1.38,57,8,0,48.31,38.23,47.82,79.83
943234,35.5983445,102.787233,972,31.84,36.05,37,-3,1,34.08,18.19,25.76,36.27
77652,5.784940,82.474693,1039,2.23,6.18,41,48,1,36.7,26.25,10.16,12.59
57725,0.022348,-160.978983,928,0.07,21.89,43,-5,2,36.86,34.77,74.84,83.94
190221,17.253885,-132.461801,906,4.39,24.46,24,-7,2,31.38,20.29,0.25,23.61
491449,-66.256528,47.943391,982,4.66,3.86,60,7,1,49.61,19.87,15.94,95.99
313997,-3.282634,-39.896434,965,21.32,20.58,41,26,1,5.08,11.01,49.09,8.51
882477,-87.857804,156.128055,995,1.13,17.4,67,48,2,26.46,4.06,58.48,95.35
533578,77.9251845,87.873378,910,3.6,39.23,50,39,1,40.92,12.16,91.69,58.7
309366,56.8381775,11.781146,948,25.34,15.95,73,-10,2,5.07,20.03,0.72,60.7
608711,-31.233576,34.251165,980,28.67,10.84,60,41,1,13.82,9.7,49.29,78.76
719486,-71.361111,-176.377236,914,22.39,2.14,77,33,1,37.46,12.92,23.3,89.81
811784,29.8484465,-136.472653,1025,29.94,12.54,32,28,1,38.24,34.75,8.18,51.2
779790,-22.3368335,-153.059677,1032,14.82,1.14,39,-2,1,27.49,40.97,94.57,58.55
211606,3.3679485,36.847216,956,14.54,14.06,74,18,1,31.4,14.38,80.27,92.13
154822,34.5459555,-23.855475,947,38.97,5.25,73,50,2,28.05,0.65,37.91,31.91
414523,-68.195735,37.591018,989,26.37,15.16,25,1,1,3.08,17.85,98.04,8.91
104865,-88.375525,-108.247925,986,0.94,12.05,57,39,2,28.13,41.79,74.81,97.85
966671,58.285383,-27.882940,1016,10.18,24.62,64,24,2,19.53,36.36,86.02,73.41
22140,-79.9417365,66.001680,921,29.81,37.71,22,-9,0,41.09,5.03,93.32,28.18
629645,-50.230865,-152.469603,922,7.15,33.23,55,35,0,34.07,13.47,88.62,9.08
143410,31.789341,-137.147971,986,12.0,8.29,37,37,1,7.29,4.0,9.11,78.06
644210,28.2354265,-7.147892,907,29.07,32.55,27,39,0,13.3,29.93,82.38,65.17
946621,57.867220,-97.499638,1033,2.95,0.81,29,-10,2,25.36,19.89,3.49,19.0
391738,-86.5748575,-166.723518,945,25.49,39.53,75,34,2,13.71,43.92,1.8,24.22
822753,-46.5780875,-36.790302,951,26.7,21.94,35,22,1,19.46,31.77,9.07,7.8
941329,69.825105,-61.156674,1028,2.24,14.13,65,12,0,34.6,3.7,68.29,72.55
214331,66.139164,18.046724,1010,8.68,30.61,26,27,1,5.66,35.1,73.64,11.76
293178,-87.664640,-125.542593,1002,20.03,18.27,24,11,2,23.65,25.63,82.91,97.08
435872,-50.1293545,-128.328560,977,31.29,24.0,63,3,0,49.91,15.68,91.75,47.42
544330,-77.8807815,168.159800,1043,15.54,24.69,72,46,2,11.8,15.04,77.42,10.91
759228,-54.5553875,91.805733,929,37.34,2.22,48,47,2,15.34,37.19,19.76,44.46
78946,79.9647445,-158.558439,944,14.55,27.21,22,37,2,5.32,0.22,35.22,31.44
645039,-65.9283215,119.499708,1032,29.17,12.61,79,29,1,22.7,6.15,37.01,35.57
92675,68.3916475,-38.639174,930,10.42,2.49,61,-8,1,32.05,38.84,29.11,92.22
819375,-72.2737745,-45.212076,946,10.14,17.63,73,2,1,14.4,0.88,49.63,91.01
961054,-67.352097,96.562825,965,14.46,30.98,39,6,0,23.66,13.39,73.99,63.94
707074,-23.6340165,-166.635439,914,27.12,17.57,55,-9,0,22.31,3.05,3.32,51.15
547494,35.2887665,-128.940426,964,11.25,19.94,57,13,0,2.05,41.2,79.17,57.54
961119,-15.227203,-113.935041,998,36.35,30.14,39,5,1,21.35,9.6,70.91,91.59
623879,48.4860765,2.967752,1048,14.4,39.56,33,14,0,24.47,22.19,11.3,65.93
275372,-51.6703065,-32.177824,988,15.4,2.33,51,0,0,38.96,40.84,60.75,22.06
989789,31.1912075,53.249698,997,12.46,22.45,42,24,2,30.29,7.97,43.07,21.05
113396,69.5875745,84.549387,1033,9.24,37.27,44,24,1,9.2,4.56,59.03,79.46
961333,-81.0128735,96.954186,905,35.14,34.19,24,38,1,22.87,16.06,62.34,38.23
798962,36.256854,-35.729405,975,15.82,25.37,63,7,0,22.96,16.94,90.25,78.24
386603,-80.8197625,0.295096,931,30.93,35.28,37,50,2,49.67,11.22,58.26,7.59
261937,13.9726695,-114.003709,941,19.57,31.21,65,6,2,40.7,42.37,39.83,12.26
455038,19.761219,23.308069,1039,29.34,26.7,71,5,0,23.84,26.4,95.87,7.52
510751,20.7394635,-130.352916,953,9.94,8.39,75,7,0,39.8,44.97,79.58,91.87
478357,47.646756,-49.023211,1039,30.88,34.01,74,-8,0,0.78,39.05,7.83,12.54
48987,3.2328825,48.413609,914,28.91,35.05,47,49,2,0.63,38.06,82.23,35.32
252382,-89.9667885,-94.997197,1034,26.26,38.43,72,28,0,12.85,29.92,66.75,91.33
761558,70.7507795,12.546175,930,25.83,21.53,76,39,1,29.16,42.21,72.4,10.24
951748,72.243776,-76.570527,955,20.94,27.3,55,14,1,8.43,41.38,77.2,40.43
574547,-86.8841195,-167.740380,1036,0.58,6.41,55,3,2,10.68,19.79,47.05,19.57
923346,65.292909,-38.789913,1013,4.69,8.21,80,34,0,41.75,20.05,34.78,28.32
849919,11.101836,-150.482124,904,23.51,33.68,75,32,1,25.91,28.57,19.06,99.64
812477,-82.229043,-164.133021,901,39.14,32.03,35,32,0,0.89,20.14,26.24,38.66
75567,68.356675,-86.849330,965,17.75,26.12,48,15,0,31.82,38.4,25.06,80.3
369871,-28.909590,-82.942349,958,10.72,39.55,64,26,0,0.49,26.04,11.78,0.07
9626,7.1422795,-140.551868,1006,2.49,12.97,39,-8,1,39.75,23.81,69.71,7.84
886516,-3.7898715,37.328997,1026,27.5,30.77,38,7,0,13.76,30.82,74.07,76.68
941643,-48.8276235,13.353178,992,32.48,20.51,66,20,2,38.05,23.02,3.15,58.9
949517,68.8811915,-9.422204,1034,15.25,30.6,47,32,2,34.9,24.11,1.51,1.85
462030,28.6262665,-10.399201,987,1.09,30.68,64,20,2,18.36,24.57,46.67,55.94
622112,-73.9670315,-146.579414,1001,3.79,32.41,36,40,2,38.35,26.57,16.04,31.84
97645,-73.9777705,-146.845391,951,27.8,35.14,62,11,0,7.0,40.61,29.77,30.95
485512,35.9403385,-60.770991,983,25.53,3.25,49,-10,2,24.6,41.65,79.74,92.6
662916,-2.9588535,158.452072,1008,27.99,30.29,76,47,0,44.11,24.53,0.01,63.21
444297,-3.5728825,-123.652170,981,10.78,28.25,24,17,1,41.31,24.62,62.53,76.01
699342,51.251264,-176.516643,939,21.16,9.97,47,49,1,0.9,6.26,71.93,66.15
327516,80.970983,-119.204328,926,5.67,11.93,35,31,1,26.86,47.51,74.78,34.39
243721,-21.5388575,161.542456,985,36.65,15.44,46,49,1,0.03,30.26,65.98,50.43
697248,-71.452365,-81.102460,1018,38.21,17.81,63,-2,2,24.4,30.01,5.73,78.44
362680,7.5005875,-26.912038,1025,35.31,3.14,22,19,0,33.27,42.19,92.12,2.86
975229,-13.871813,136.957630,959,35.17,4.43,39,40,2,12.78,46.71,34.76,65.25
40466,83.1351265,174.400062,1021,12.75,17.68,76,5,2,7.49,47.38,1.09,39.83
323539,40.739878,-119.143167,1035,16.51,12.49,67,21,0,38.2,12.59,40.24,94.77
208662,-58.487430,40.641445,955,7.41,21.75,70,25,1,17.55,32.51,8.5,7.96
636767,19.296366,33.438747,974,18.01,4.96,62,42,2,23.93,25.68,78.31,62.78
791477,-69.6957975,142.866360,916,25.51,37.16,38,37,0,11.97,3.53,12.9,40.26
404709,78.0852835,90.294845,939,21.84,21.14,45,39,2,26.56,6.62,1.33,17.5
160030,45.062470,138.257092,968,36.12,14.0,37,23,0,44.13,39.86,70.77,59.9
326445,45.929987,-62.068613,907,19.72,5.07,58,14,2,48.81,4.87,10.32,25.54
958164,-23.149719,16.563741,946,7.33,26.86,29,13,2,24.05,4.19,59.0,57.28
763234,56.0939355,-11.891987,998,35.66,27.4,31,-10,1,29.5,16.88,95.16,21.45
221577,-29.597883,117.376611,997,0.56,32.17,70,23,2,0.16,46.78,62.03,81.24
493478,-65.610915,-45.225258,936,23.2,22.64,25,31,1,40.07,45.32,20.37,47.95
667541,-88.767436,-152.227501,1033,8.76,14.38,34,35,2,12.55,6.39,39.48,88.26
256543,3.7868255,-143.737784,919,28.82,38.1,23,39,1,24.96,30.4,64.6,11.82
138756,-44.2579905,91.893822,1017,3.55,0.44,58,-1,2,20.67,34.55,62.32,90.72
466455,52.568712,-2.343537,1015,12.85,21.84,57,49,0,30.85,28.52,95.76,48.28
612589,22.864324,-173.069090,923,3.87,27.61,28,1,2,41.6,15.62,54.1,18.24
350768,-77.705204,89.666430,1040,7.24,21.16,37,10,1,42.97,16.3,72.96,61.62
168627,-8.7313135,42.132012,1036,25.77,3.24,38,35,2,8.08,7.42,78.71,77.95
328321,50.125614,-121.293344,905,37.66,4.72,26,28,2,0.07,29.05,54.58,79.99
450498,-76.746437,142.225836,902,1.48,17.48,46,33,1,17.46,44.8,69.31,86.9
47492,-44.542280,-100.453596,1028,23.24,2.9,60,0,2,21.61,37.69,64.29,58.86
357311,-17.9560115,-55.084498,938,25.05,32.39,41,1,1,0.6,31.88,73.66,90.22
709982,-75.0523335,67.060560,1011,18.15,10.39,52,30,2,49.0,8.29,22.77,99.46
400677,-5.2857495,-136.415815,989,24.25,24.02,37,12,0,19.22,18.25,30.86,91.32
259595,-6.8413315,-31.710524,932,7.79,1.94,79,23,1,34.06,31.65,95.22,60.22
298467,0.6925275,-136.802915,992,5.01,26.86,68,22,1,4.21,4.35,43.02,91.79
530327,32.4534145,108.328410,1038,4.87,3.67,27,29,1,8.0,47.75,60.67,53.51
425466,-60.655250,-65.295587,970,25.9,36.61,48,-5,0,44.89,2.36,53.49,60.99
420655,60.0054265,-109.069768,944,35.67,34.37,52,40,2,47.1,4.21,73.31,44.29
375269,9.692023,-24.333490,1003,6.0,9.06,66,23,1,26.51,47.4,15.54,57.37
551299,83.2612355,-77.983553,978,2.63,39.39,64,27,0,34.25,33.26,14.9,59.89
435786,9.1299245,-90.365930,992,5.45,18.09,40,-8,2,13.06,46.84,12.75,6.86
684389,-56.0887345,-89.260498,908,32.41,20.21,67,4,1,18.42,24.08,80.29,94.82
929546,64.261326,-158.246713,974,24.51,7.79,73,21,0,28.97,24.27,54.74,35.93
629677,57.557515,135.505412,934,15.13,4.85,60,44,2,11.51,21.4,56.6,0.9
370363,-31.5222965,-131.727961,1039,0.09,17.98,59,24,1,16.64,12.57,28.97,99.21
804604,-72.5581255,-60.346691,933,7.34,15.93,80,16,0,11.84,3.86,29.69,14.16
140637,-5.389956,127.734512,978,29.18,24.71,44,28,0,12.74,17.05,19.5,49.17
276318,-53.7246805,13.436580,954,22.8,3.11,20,8,2,7.02,31.25,53.79,40.6
58034,87.839058,-49.296305,1027,22.79,3.71,57,-10,2,14.79,44.94,90.89,62.0
1341,24.034816,100.895503,918,35.96,25.57,61,4,2,12.78,34.41,54.35,61.16
391748,-1.447104,-89.766122,991,12.44,23.78,74,-7,1,29.92,35.33,21.95,48.49
963101,76.854610,16.327371,1022,34.66,28.36,50,26,0,32.47,21.79,15.46,35.94
76273,-55.657247,-89.597401,941,35.3,30.55,22,44,2,42.51,23.04,0.78,85.53
470750,0.584336,-147.820778,1013,22.33,0.16,62,47,2,42.42,16.87,59.69,74.64
206096,-13.892571,63.858058,925,4.25,27.09,52,28,1,44.34,8.41,31.03,69.76
837405,-36.6607005,93.426266,1023,3.77,2.51,48,-10,1,49.14,1.61,89.3,63.78
484405,-52.9307495,16.142660,1031,6.29,10.04,50,20,0,23.55,40.58,94.49,63.76
169449,-31.5289495,-110.388412,1045,28.03,24.37,80,35,2,29.96,21.23,65.26,29.96
828336,88.9458015,-27.353878,944,20.9,14.38,48,28,2,10.1,33.89,54.57,5.61
572618,15.988167,59.589826,980,13.05,22.73,42,47,1,23.3,30.88,44.3,25.59
328695,25.5456845,-107.848077,973,19.11,38.34,71,31,1,21.6,36.2,20.82,67.53
910944,76.8896655,-82.735741,903,21.11,29.91,80,19,0,6.58,45.07,47.97,79.64
361960,33.119285,-128.432838,951,3.69,23.7,27,32,0,3.41,32.75,24.86,86.01
150808,-28.782559,-112.430266,1014,14.43,20.05,60,-3,1,17.57,3.08,37.98,11.15
455463,41.184955,8.528310,922,26.96,16.69,74,20,2,23.01,41.91,19.99,51.1
982241,-69.177235,121.854946,1034,11.95,3.26,35,37,0,14.01,14.22,10.36,82.61
156146,39.6855065,8.058902,1013,23.8,7.48,71,50,0,4.59,45.79,35.28,3.81
517713,-73.977887,126.066202,950,10.81,17.39,49,50,1,40.0,34.74,72.03,50.42
785243,14.9253825,-153.460185,941,36.61,6.73,78,0,0,40.98,7.89,67.5,90.2
911358,47.590097,83.946446,946,4.88,29.63,73,39,1,45.4,28.0,61.37,88.83
958510,8.7576095,108.022583,1014,2.52,23.4,62,26,0,9.51,35.6,66.65,84.31
42616,48.4536395,-146.174689,947,33.23,31.9,26,41,0,34.96,12.03,51.7,99.22
472498,50.8586345,17.835687,959,7.38,28.46,38,6,1,38.66,24.25,55.17,55.27
569475,77.835251,16.604672,928,17.07,23.94,36,41,1,37.69,27.33,59.42,9.22
161802,-16.999748,3.451496,932,37.54,26.33,23,10,2,4.39,29.33,58.9,53.69
973704,-18.923434,23.847135,997,3.36,8.59,60,9,1,49.4,0.65,92.26,23.27
376131,-52.463673,4.792837,1038,25.95,20.99,67,44,1,28.89,27.72,13.28,37.04
535848,-17.9067975,52.381806,949,30.98,10.22,31,15,1,3.03,22.07,45.05,60.12
814513,-48.7295205,124.079353,903,2.93,39.0,47,38,1,16.22,31.26,54.28,40.1
67453,-25.5613765,99.010877,971,39.32,32.66,34,2,1,14.07,17.58,54.34,90.76
499235,-52.088551,80.201310,1047,7.64,33.04,78,43,0,4.23,5.87,84.65,54.06
463199,-2.640498,-155.759674,1007,24.69,23.36,72,33,1,17.43,48.09,32.43,83.72
838678,65.482045,54.732276,976,35.51,27.51,33,7,2,16.13,9.63,61.39,52.83
476933,-87.553050,125.426877,1038,22.22,17.25,47,5,0,39.82,11.09,13.53,7.95
880598,-72.141190,69.510611,974,30.51,39.42,72,3,0,4.06,2.91,27.95,96.93
818378,-73.0445395,16.701430,900,30.36,21.24,77,49,1,42.22,7.9,92.14,66.11
445892,-50.328016,-106.670625,913,5.03,30.87,68,25,2,47.39,37.32,29.01,64.41
916619,78.358201,16.608235,1030,9.04,39.05,68,8,2,20.21,44.3,84.53,40.89
258005,-17.2514165,168.359735,970,28.38,28.51,35,10,0,4.87,40.35,84.4,95.94
657437,-70.1401125,171.424490,1018,18.7,3.54,59,19,1,41.8,29.18,37.7,93.9
24840,-84.8513355,58.329042,983,27.24,3.1,57,43,0,32.44,17.33,14.25,63.85
902576,-68.3056905,45.107507,1001,10.29,13.59,76,46,0,43.4,37.69,32.11,11.77
451329,-85.0163125,124.296752,906,37.26,23.1,35,22,1,22.75,31.99,65.61,84.39
971408,-7.928052,47.481928,994,27.31,33.66,46,27,0,45.49,14.64,39.27,93.04
779147,-23.789599,-48.075499,1050,32.04,38.2,32,29,2,18.62,44.48,53.69,92.05
707550,73.3730255,-60.591382,917,35.7,32.38,67,13,0,6.87,18.23,82.18,54.49
947598,18.9454125,-89.941137,949,12.42,34.85,27,27,0,46.28,18.44,48.76,29.48
103001,-6.6980865,-67.819596,923,9.15,29.21,78,32,1,48.81,17.02,91.16,1.03
708740,87.1628765,-12.431160,915,8.98,13.3,60,9,1,45.37,32.86,48.25,84.55
842341,59.857301,-84.078835,906,15.46,3.37,35,48,2,20.93,10.2,81.32,31.68
817041,72.0709965,-15.037485,1009,32.15,34.2,54,2,1,3.02,36.87,17.69,64.36
249005,14.4364175,-29.077321,905,35.62,21.1,58,13,2,16.1,39.18,22.62,60.92
539012,-65.8230315,162.110692,926,14.68,39.34,51,13,1,5.3,22.51,26.3,53.86
635709,-15.8837485,110.822322,967,17.38,5.74,43,42,1,37.32,40.75,20.51,32.21
898520,27.782036,-0.828779,1038,8.02,22.38,73,5,0,26.15,4.68,49.37,83.63
763381,-26.216761,160.942352,1040,38.14,21.67,38,49,1,45.95,12.66,21.92,31.21
33096,13.650525,-99.240909,940,22.34,1.35,71,18,2,34.66,13.45,78.11,15.45
729658,45.640443,142.253724,951,32.4,24.61,48,22,0,23.65,25.71,93.92,81.24
813419,38.858965,120.517552,946,34.82,33.55,34,40,1,10.2,7.25,99.45,64.44
127408,-49.2672805,-108.847373,908,12.53,19.62,80,22,2,43.53,46.03,30.86,35.26
544476,40.6504715,71.339527,998,9.02,24.21,65,-8,0,19.68,38.65,86.11,27.23
527577,-10.861869,32.124313,968,19.87,21.22,41,2,1,1.76,24.07,70.07,85.64
240999,-89.6033745,-162.777823,906,1.83,16.46,64,8,2,36.16,21.88,8.23,40.16
200556,-3.0344205,9.786646,952,27.71,26.48,52,14,0,14.54,22.76,5.06,48.33
709989,32.937974,16.038742,1031,34.24,13.91,60,32,2,44.33,33.04,14.78,22.5
913276,-59.837079,-96.793584,900,27.75,18.27,69,-9,1,38.52,24.4,20.81,15.46
45270,50.609725,120.959306,959,38.84,30.56,58,31,1,9.51,43.27,53.74,94.25
385073,-49.343436,179.166955,1029,23.05,10.17,75,6,0,15.17,49.76,26.41,21.43
347270,-37.922847,147.864430,1037,22.55,18.21,21,37,0,49.2,31.67,11.25,21.83
218892,-85.6342795,31.833667,1030,31.26,24.0,23,28,0,1.85,29.43,42.47,52.43
504023,7.9712025,-3.520520,1041,3.42,5.85,25,-4,0,36.51,15.1,24.04,48.38
510450,-54.801335,90.083973,941,12.97,1.06,50,36,1,16.27,25.64,86.77,78.47
995900,-81.4539415,-178.013738,904,32.53,29.48,68,36,0,34.05,35.02,4.53,66.57
534676,56.9495655,-123.059938,1019,19.58,31.82,22,16,2,12.91,19.39,17.01,80.05
251303,38.940855,-70.389223,1047,31.03,27.14,53,15,2,0.1,48.49,12.76,98.61
990079,2.903871,-147.046248,1020,12.75,13.55,67,47,0,19.7,33.75,0.43,66.13
45619,40.606193,-105.305382,944,19.8,17.79,38,0,1,16.58,49.1,71.97,76.95
883263,52.578815,-69.687793,1024,2.61,21.88,40,48,1,6.1,30.11,49.91,49.04
294902,76.4661875,-73.975307,946,28.24,32.69,29,38,0,40.52,13.61,47.8,21.87
879048,49.893864,-110.490613,970,34.49,3.84,30,34,1,21.35,15.06,19.04,39.5
773904,-75.0674235,132.074011,935,4.77,36.93,50,-7,1,6.15,44.66,1.15,12.43
743718,31.860285,136.775089,1045,39.76,18.18,23,29,1,23.67,13.28,90.59,82.47
615722,3.570203,-33.287106,916,32.37,4.25,71,45,2,39.15,6.48,40.72,4.45
865139,40.2008255,21.127494,921,3.25,23.98,75,49,0,21.51,43.93,41.63,55.03
102821,-83.1127565,117.587196,934,12.93,25.36,72,37,0,47.57,15.94,52.24,58.44
851680,27.5210315,-129.200697,1002,33.67,35.25,59,49,1,19.6,9.04,49.34,44.53
352856,-29.885732,159.849504,904,39.38,5.1,66,13,2,27.77,15.72,60.0,23.96
54311,49.055124,-94.538966,1036,26.35,1.72,75,44,1,48.83,42.11,89.04,54.96
221165,-76.202553,78.849191,949,35.18,39.25,24,46,2,22.08,10.55,23.27,88.14
574317,41.426798,28.808417,1005,23.18,7.92,65,39,0,7.15,35.3,56.25,25.53
511172,-57.2264345,60.991539,1000,8.55,14.18,35,2,1,21.02,2.53,11.0,88.2
973166,-58.2264505,-33.284384,1048,39.65,5.43,62,32,0,45.89,47.87,94.2,73.37
370310,-73.3494515,-38.751589,985,33.52,1.23,57,29,1,1.57,34.54,60.28,92.69
276828,77.5833255,-54.642943,985,28.44,1.09,42,29,1,9.54,33.35,36.28,76.19
960152,69.0331885,162.447593,955,27.79,17.46,34,34,2,14.77,40.63,81.98,57.79
143050,-88.519387,-158.327680,963,32.24,5.03,47,43,2,4.79,6.92,62.58,19.55
262731,-16.968321,154.297794,941,23.43,7.29,60,-3,0,38.16,37.89,22.68,18.64
169645,17.071076,-140.319712,951,30.91,25.26,74,25,1,25.89,41.17,18.29,66.7
769378,-5.6566335,-131.285218,981,36.69,25.67,40,2,2,41.54,7.08,56.78,93.36
80896,76.416973,-83.466449,944,20.26,17.85,23,-8,2,13.28,1.15,52.77,13.04
459563,-0.847801,-31.806620,1009,39.72,1.41,47,-5,2,49.82,44.69,83.72,33.34
314051,-26.5431885,74.412075,929,20.57,27.21,33,31,1,12.13,10.82,52.02,11.94
653632,11.3175575,-123.051699,956,9.82,7.35,67,41,2,13.36,40.11,43.92,50.01
434380,-89.604539,-111.297444,927,18.84,37.39,74,33,2,18.17,38.05,19.34,46.62
260077,-22.4428495,-97.806332,1016,27.73,26.17,60,23,0,3.33,46.24,33.24,5.5
445387,8.251898,31.421390,1003,24.94,27.18,77,18,2,26.3,0.43,8.39,50.07
647165,23.5976975,-158.970220,1006,11.22,20.41,52,-3,2,39.65,29.34,79.48,12.27
220619,-7.4135635,9.114047,908,39.46,14.59,66,36,0,12.7,7.49,72.25,21.45
572113,9.5799135,139.287131,910,17.89,34.11,57,44,0,36.16,30.83,79.62,4.88
598811,-63.9600275,70.947646,947,0.13,27.64,67,16,0,10.57,48.94,49.72,76.34
236570,12.7286815,65.636183,930,15.85,4.24,36,46,0,37.34,16.02,53.64,4.3
506062,68.0503345,-121.799790,1016,35.01,4.72,43,-1,2,42.2,8.88,5.16,8.76
504398,-41.545712,65.832607,981,0.92,34.52,58,8,0,35.41,15.36,26.13,71.25
400937,76.6469515,60.173793,956,15.72,30.94,63,27,2,47.03,20.83,70.81,86.21
671844,-51.3115225,-58.840386,948,23.09,13.91,25,-10,0,48.31,47.82,64.46,99.73
661831,47.5151925,43.768179,919,11.08,5.55,67,37,1,37.23,8.08,40.91,34.59
102587,-55.0930885,46.403734,1027,3.83,20.34,48,39,2,7.54,3.39,61.61,0.14
954145,57.5587745,-54.360083,981,19.21,3.41,73,36,2,0.17,31.83,68.34,53.01
694345,5.505304,179.590992,962,20.22,5.19,22,37,1,0.57,46.58,86.78,54.85
318008,36.634157,-70.983701,1043,21.54,13.26,20,8,2,18.4,40.21,31.1,27.72
524250,-61.0002825,67.474874,1033,16.97,35.49,28,10,0,16.5,14.33,73.05,16.2
650674,51.042980,-116.428732,1013,18.31,35.2,75,27,2,26.54,8.45,32.39,54.21
757379,2.838444,-142.169961,903,38.12,5.08,61,14,1,4.29,43.36,83.85,88.54
113672,-10.3402145,4.116932,989,6.27,29.54,52,23,0,41.41,41.54,30.57,21.65
417946,5.7911125,124.897500,962,21.37,33.8,30,3,2,39.65,35.3,19.52,85.23
607042,85.166232,78.939867,961,18.79,26.57,43,23,2,3.77,13.84,66.14,95.31
782138,-43.449465,-26.948011,978,19.76,38.26,48,-3,2,22.9,15.23,90.76,20.57
681511,-11.339706,9.919659,905,31.17,4.7,30,23,0,1.69,33.77,34.36,69.83
